Data Source,World Development Indicators,,,,,,,,,,,,,,,,,,,,,,,,,,,,,,,,,,,,,,,,,,,,,,,,,,,,,,,,,,,,,,,
,,,,,,,,,,,,,,,,,,,,,,,,,,,,,,,,,,,,,,,,,,,,,,,,,,,,,,,,,,,,,,,,
Last Updated Date,12/16/2020,,,,,,,,,,,,,,,,,,,,,,,,,,,,,,,,,,,,,,,,,,,,,,,,,,,,,,,,,,,,,,,
,,,,,,,,,,,,,,,,,,,,,,,,,,,,,,,,,,,,,,,,,,,,,,,,,,,,,,,,,,,,,,,,
Country Name,Country Code,Indicator Name,Indicator Code,1960,1961,1962,1963,1964,1965,1966,1967,1968,1969,1970,1971,1972,1973,1974,1975,1976,1977,1978,1979,1980,1981,1982,1983,1984,1985,1986,1987,1988,1989,1990,1991,1992,1993,1994,1995,1996,1997,1998,1999,2000,2001,2002,2003,2004,2005,2006,2007,2008,2009,2010,2011,2012,2013,2014,2015,2016,2017,2018,2019,2020
Aruba,ABW,Individuals using the Internet (% of population),IT.NET.USER.ZS,,,,,,,,,,,,,,,,,,,,,,,,,,,,,,,0,0,0,0,0,0,2.76838,2.76838,2.76838,4.50618,15.4428,17.1,18.8,20.8,23,25.4,28,30.9,52,58,62,69,74,78.9,83.78,88.6612,93.5425,97.17,97.17,97.17,
Afghanistan,AFG,Individuals using the Internet (% of population),IT.NET.USER.ZS,,,,,,,,,,,,,,,,,,,,,,,,,,,,,,,0,0,0,0,0,0,,,,,,0.00472257,0.0045614,0.0878913,0.105809,1.22415,2.10712,1.9,1.84,3.55,4,5,5.45455,5.9,7,8.26,11.2,13.5,13.5,13.5,
Angola,AGO,Individuals using the Internet (% of population),IT.NET.USER.ZS,,,,,,,,,,,,,,,,,,,,,,,,,,,,,,,0,0,0,0,0,0,0.000775929,0.00567375,0.0184537,0.0719641,0.105046,0.136014,0.270377,0.370682,0.464815,1.14337,1.5,1.7,1.9,2.3,2.8,3.1,6.5,8.9,21.4,12.4,13,14.3391,14.3391,14.3391,
Albania,ALB,Individuals using the Internet (% of population),IT.NET.USER.ZS,,,,,,,,,,,,,,,,,,,,,,,,,,,,,,,0,0,0,0,0,0.0111687,0.0321968,0.0485939,0.0650274,0.081437,0.114097,0.325798,0.390081,0.9719,2.42039,6.04389,9.60999,15.0361,23.86,41.2,45,49,54.656,57.2,60.1,63.2529,66.3634,71.847,71.847,69.6429,
Andorra,AND,Individuals using the Internet (% of population),IT.NET.USER.ZS,,,,,,,,,,,,,,,,,,,,,,,,,,,,,,,0,0,0,0,0,0,1.5266,3.05018,6.88621,7.63569,10.5388,10.5388,11.2605,13.5464,26.838,37.6058,48.9368,70.87,70.04,78.53,81,81,86.4344,94,95.9,96.91,97.9306,91.5675,91.5675,91.5675,
Arab World,ARB,Individuals using the Internet (% of population),IT.NET.USER.ZS,,,,,,,,,,,,,,,,,,,,,,,,,,,,,,,0,0,0,0.000892639,0.002815607,0.014112841,0.038461269,0.135488156,0.270604087,0.615844406,1.165887207,1.590369104,2.727404244,3.686683955,7.081951663,8.464294715,10.45144594,14.22754331,17.40149639,20.01233084,24.14111112,26.75387653,30.09324811,33.11279744,36.62385144,43.69633566,41.48748034,49.26013233,52.14329561,,
United Arab Emirates,ARE,Individuals using the Internet (% of population),IT.NET.USER.ZS,,,,,,,,,,,,,,,,,,,,,,,,,,,,,,,0,0,0,0,0,0.102939,0.375394,3.29559,6.9083,14.9427,23.6253,26.2718,28.3165,29.478,30.1313,40,52,61,63,64,68,78,85,88,90.4,90.5,90.6,94.8199,98.45,99.15,
Argentina,ARG,Individuals using the Internet (% of population),IT.NET.USER.ZS,,,,,,,,,,,,,,,,,,,,,,,,,,,,,,,0,0,0.00299287,0.0295271,0.043706,0.0862771,0.141955,0.28034,0.830767,3.28448,7.03868,9.78081,10.8821,11.9137,16.0367,17.7206,20.9272,25.9466,28.1126,34,45,51,55.8,59.9,64.7,68.0431,70.969,74.2949,74.2949,74.2949,
Armenia,ARM,Individuals using the Internet (% of population),IT.NET.USER.ZS,,,,,,,,,,,,,,,,,,,,,,,,,,,,,,,0,0,0,0,0.00911701,0.0527431,0.0945729,0.111651,0.128659,0.970738,1.30047,1.63109,1.96041,4.57522,4.89901,5.25298,5.63179,6.02125,6.21,15.3,25,32,37.5,41.9,54.6228,59.1024,64.346,64.7449,64.7449,64.7449,
American Samoa,ASM,Individuals using the Internet (% of population),IT.NET.USER.ZS,,,,,,,,,,,,,,,,,,,,,,,,,,,,,,,0,0,0,0,0,0,,,,,,,,,,,,,,,,,,,,,,,,,
Antigua and Barbuda,ATG,Individuals using the Internet (% of population),IT.NET.USER.ZS,,,,,,,,,,,,,,,,,,,,,,,,,,,,,,,0,0,0,0,0,2.20077,2.85845,3.48054,4.07172,5.30068,6.48223,8.89929,12.5,17.2286,24.2665,27,30,34,38,42,47,52,58,63.4,67.78,70,73,76,76,76,
Australia,AUS,Individuals using the Internet (% of population),IT.NET.USER.ZS,,,,,,,,,,,,,,,,,,,,,,,,,,,,,,,0.585095,1.0972,1.76876,1.97461,2.2321,2.75965,3.27525,16.3694,30.8132,40.7838,46.7561,52.6893,52.6893,52.6893,52.6893,63,66,69.45,71.67,74.25,76,79.4877,79,83.4535,84,84.5605,86.54,86.545,86.545,86.545,
Austria,AUT,Individuals using the Internet (% of population),IT.NET.USER.ZS,,,,,,,,,,,,,,,,,,,,,,,,,,,,,,,0.130369,0.259082,0.642818,0.765343,1.39342,1.89021,6.90916,9.53397,15.4212,23.0443,33.7301,39.1855,36.56,42.7,54.28,58,63.6,69.37,72.87,73.45,75.17,78.74,80.03,80.6188,80.9958,83.9401,84.3237,87.9356,87.7105,87.7522,
Azerbaijan,AZE,Individuals using the Internet (% of population),IT.NET.USER.ZS,,,,,,,,,,,,,,,,,,,,,,,,,,,,,,,0,0,0,0,0.00143142,0.00205556,0.00635458,0.0251879,0.0374851,0.0992289,0.147758,0.305565,4.99971,4.99971,4.99971,8.03038,11.9922,14.54,17.08,27.4,46,50,54.2,73,75,77,78.2,79,79.8,79.8,
Burundi,BDI,Individuals using the Internet (% of population),IT.NET.USER.ZS,0,,,,,0,,,,,0,,,,,0,0,0,0,0,0,0,0,0,0,0,0,0,0,0,0,0,0,0,0,0,0.000803592,0.00797944,0.0158428,0.0392045,0.0772484,0.106001,0.118228,0.201273,0.34906,0.542143,0.657593,0.7,0.81,0.9,1,1.11,1.22,1.26422,1.38,4.86622,5.17363,2.66075,2.66075,2.66075,
Belgium,BEL,Individuals using the Internet (% of population),IT.NET.USER.ZS,,,,,,,,,,,,,,,,,,,,,,,,,,,,,,,0.00100674,0.0200726,0.100041,0.199446,0.695995,0.991663,2.96841,4.93808,7.88662,13.7722,29.4317,31.2884,46.33,49.97,53.86,55.82,59.72,64.44,66,70,75,81.61,80.72,82.1702,85,85.0529,86.5165,87.6797,88.6551,90.3705,
Benin,BEN,Individuals using the Internet (% of population),IT.NET.USER.ZS,,,,,,,,,,,,,,,,,,,,,,,,,,,,,,,0,0,0,0,0,0,0.0016931,0.0246488,0.0478773,0.154907,0.225248,0.363418,0.702946,0.951327,1.18254,1.27103,1.53785,1.79,1.85,2.24,3.13,4.14832,4.5,4.9,6,11.255,11.994,20,20,20,
Burkina Faso,BFA,Individuals using the Internet (% of population),IT.NET.USER.ZS,,,,,,,,,,,,,,,,,,,,,,,,,,,,,,,0,0,0,0,0,0,0.000960519,0.0186864,0.0454235,0.0617803,0.0770802,0.157732,0.200993,0.37344,0.400295,0.469914,0.632708,0.75,0.92,1.13,2.4,3,3.72503,9.1,9.4,14,13.96,16,16,16,
Bangladesh,BGD,Individuals using the Internet (% of population),IT.NET.USER.ZS,,,,,,,,,,,,,,,,,,,,,,,,,,,,,,,0,0,0,0,0,0,,0.000751046,0.00368481,0.0361704,0.0710394,0.129808,0.13992,0.163878,0.199036,0.241637,1,1.8,2.5,3.1,3.7,4.5,5,6.63,13.9,14.4,18.02,15,15,12.9,
Bulgaria,BGR,Individuals using the Internet (% of population),IT.NET.USER.ZS,,,,,,,,,,,,,,,,,,,,,,,,,,,,,,,0,0,0,0.00233904,0.0195267,0.119666,0.725251,1.21981,1.84497,2.90815,5.37092,7.6123,9.08,12.04,18.13,19.97,27.09,33.64,39.67,45,46.23,47.98,51.9,53.0615,55.49,56.6563,59.8255,63.4101,64.782,67.947,
Bahrain,BHR,Individuals using the Internet (% of population),IT.NET.USER.ZS,,,,,,,,,,,,,,,,,,,,,,,,,,,,,,,0,0,0,0,0,0.346206,0.843254,1.6463,3.2182,4.72036,6.15373,15.0386,18.0507,21.5549,21.4587,21.3037,28.244,32.91,51.95,53,55,77,88,90,90.5031,93.4783,98,95.8781,98.6434,99.7015,
"Bahamas, The",BHS,Individuals using the Internet (% of population),IT.NET.USER.ZS,,,,,,,,,,,,,,,,,,,,,,,,,,,,,,,0,0,0,0,0,0.960031,1.74695,1.36295,2.33559,3.76456,8,11.8,18,20,22,25,26,27,31.54,33.88,43,65,71.7482,72,76.92,78,80,85,85,85,
Bosnia and Herzegovina,BIH,Individuals using the Internet (% of population),IT.NET.USER.ZS,,,,,,,,,,,,,,,,,,,,,,,,,,,,,,,0,0,0,0,0,0,0.0151256,0.0594256,0.143671,0.194374,1.08296,1.20053,2.64827,3.96504,15.469,21.3267,25.1224,27.92,34.66,37.74,42.75,43.8877,45.0645,48.5213,49.9177,52.6,60.2565,64.892,70.1201,69.9463,
Belarus,BLR,Individuals using the Internet (% of population),IT.NET.USER.ZS,,,,,,,,,,,,,,,,,,,,,,,,,,,,,,,0,0,0,0,0.000485951,0.00292125,0.0292983,0.0490209,0.0738689,0.494881,1.8604,4.30062,8.95097,8.95097,8.95097,8.95097,16.2,19.7,23,27.43,31.8,39.6489,46.91,54.17,59.02,62.2304,71.113,74.4364,79.1299,82.7892,
Belize,BLZ,Individuals using the Internet (% of population),IT.NET.USER.ZS,,,,,,,,,,,,,,,,,,,,,,,,,,,,,,,0,0,0,0,0,0.0453972,0.882807,1.28858,2.09152,4.07674,5.96384,5.96384,5.68425,5.68425,9.8,17,24,24.6,26.3,27.2,28.2,30.7,31,33.6,38.7,41.59,44.5757,47.0826,47.0826,47.0826,
Bermuda,BMU,Individuals using the Internet (% of population),IT.NET.USER.ZS,,,,,,,,,,,,,,,,,,,,,,,,,,,,,,,0,0,0,0,0,6.83816,16.2025,24.1893,32.1038,39.9476,42.9499,47.5097,52.0316,56.522,60.9909,65.4471,69.8997,74.3506,82.3,83.25,84.21,88.336,91.2993,95.3,96.8,98.3236,98,98.37,98.37,98.37,
Bolivia,BOL,Individuals using the Internet (% of population),IT.NET.USER.ZS,,,,,,,,,,,,,,,,,,,,,,,,,,,,,,,0,0,0,0,0,0.0668076,0.196081,0.447839,0.626484,0.981815,1.44276,2.12046,3.11719,3.5086,4.43992,5.22758,6.20067,10.4992,12.5,16.8,22.4,30,35.34,36.99,34.6,35.5623,39.6975,43.8323,43.8323,43.8323,
Brazil,BRA,Individuals using the Internet (% of population),IT.NET.USER.ZS,,,,,,,,,,,,,,,,,,,,,,,,,,,,,,,0,0.00328817,0.0129463,0.0254983,0.0376727,0.105138,0.450789,0.786079,1.47787,2.03873,2.87069,4.52849,9.14943,13.2076,19.0737,21.0227,28.1784,30.88,33.83,39.22,40.65,45.69,48.56,51.04,54.551,58.328,60.8725,67.4713,67.4713,67.4713,
Barbados,BRB,Individuals using the Internet (% of population),IT.NET.USER.ZS,,,,,,,,,,,,,,,,,,,,,,,,,,,,,,,0,0,0,0,0,0.00775224,0.389464,0.783429,1.97025,2.37625,3.97368,11.9365,27.8363,39.6896,49.8,52.5,55.3,58.2,61.4,64.7,65.1,66.5,71.2,71.8,75.16,76.11,79.5494,81.7608,81.7608,81.7608,
Brunei Darussalam,BRN,Individuals using the Internet (% of population),IT.NET.USER.ZS,,,,,,,,,,,,,,,,,,,,,,,,,,,,,,,0,0,0,0,0,1.01708,3.30335,4.83106,6.28474,7.67104,8.99628,12.9178,15.3299,19.595,29.7156,36.4664,42.1863,44.68,46,49,53,56,60.2731,64.5,68.77,71.2,90,94.8667,94.6,95,
Bhutan,BTN,Individuals using the Internet (% of population),IT.NET.USER.ZS,,,,,,,,,,,,,,,,,,,,,,,,,,,,,,,0,0,0,0,0,0,,,,0.137572,0.400944,0.864629,1.6758,2.43691,3.15698,3.84711,4.51832,5.92,6.55,7.17,13.6,14.4,15.6,22.4,30.3,39.8,41.7726,48.1064,48.1064,48.1064,
Botswana,BWA,Individuals using the Internet (% of population),IT.NET.USER.ZS,0,,,,,0,,,,,0,,,,,0,0,0,0,0,0,0,0,0,0,0,0,0,0,0,0,0,0,0,0,0.064521,0.157454,0.307747,0.602401,1.12239,2.90267,3.43089,3.38592,3.34519,3.30489,3.26255,4.28993,5.28,6.25,6.15,6,9,16,30,36.7447,37.3121,39.363,47,47,47,
Central African Republic,CAF,Individuals using the Internet (% of population),IT.NET.USER.ZS,,,,,,,,,,,,,,,,,,,,,,,,,,,,,,,0,0,0,0,0,0,0.0058495,0.0142709,0.0278782,0.0408943,0.0533942,0.0785434,0.128537,0.151563,0.223401,0.268196,0.311159,0.375816,1,1.8,2,2.2,3,3.4,3.6,3.8,4,4.33925,4.33925,4.33925,
Canada,CAN,Individuals using the Internet (% of population),IT.NET.USER.ZS,,,,,,,,,,,,,,,,,,,,,,,,,,,,,,,0.361,0.570386,0.915981,1.18456,2.37869,4.16353,6.76024,15.0724,24.8974,36.1864,51.3,60.2,61.5933,64.2,65.956,71.66,72.4,73.2,76.7,80.3,80.3,83,83,85.8,87.12,90,91.16,91,91,91,
Central Europe and the Baltics,CEB,Individuals using the Internet (% of population),IT.NET.USER.ZS,,,,,,,,,,,,,,,,,,,,,,,,,,,,,,,0,0.002110211,0.023377665,0.140246375,0.36743762,0.587342225,1.068812556,1.79192463,3.515198289,4.967277649,7.053823649,10.23883756,18.2554762,22.59312123,29.24634069,34.75088949,40.80060882,45.28417403,50.68652882,55.09862076,58.59131297,59.11035205,61.71634511,63.46399045,66.48339131,67.34946512,71.34198606,73.40958523,75.88779972,,
Switzerland,CHE,Individuals using the Internet (% of population),IT.NET.USER.ZS,,,,,,,,,,,,,,,,,,,,,,,,,,,,,,,0.595714,1.17996,1.75171,2.16727,2.72,3.55201,4.54966,15.1,24.8,34,47.1,55.1,61.4,65.1,67.8,70.1,75.7,77.2,79.2,81.3,83.9,85.193,85.2,86.34,87.4,87.4791,89.1347,89.6861,89.6861,93.1461,
Channel Islands,CHI,Individuals using the Internet (% of population),IT.NET.USER.ZS,,,,,,,,,,,,,,,,,,,,,,,,,,,,,,,,,,,,,,,,,,,,,,,,,,,,,,,,,,,,,
Chile,CHL,Individuals using the Internet (% of population),IT.NET.USER.ZS,,,,,,,,,,,,,,,,,,,,,,,,,,,,,,,0,0,0.0365489,0.0717831,0.141085,0.346981,0.683476,1.05709,1.66232,4.10342,16.6,19.1,22.1,25.4738,28.1779,31.1753,34.4978,35.9,37.3,41.56,45,52.2496,55.05,58,61.11,76.63,83.5586,82.3275,82.3275,82.3275,
China,CHN,Individuals using the Internet (% of population),IT.NET.USER.ZS,,,,,,,,,,,,,,,,,,,,,,,,,,,,,,,0,0,0,0.00016868,0.00116811,0.00495471,0.0130817,0.0323949,0.16854,0.708188,1.77591,2.63965,4.5957,6.2,7.3,8.52326,10.5232,16,22.6,28.9,34.3,38.3,42.3001,45.8,47.9,50.3,53.2,54.3,54.3,54.3,
Cote d'Ivoire,CIV,Individuals using the Internet (% of population),IT.NET.USER.ZS,,,,,,,,,,,,,,,,,,,,,,,,,,,,,,,0,0,0,0,0,0.000200256,0.00840978,0.0188284,0.0609744,0.118686,0.231462,0.395748,0.497929,0.75867,0.849282,1.03924,1.5249,1.8,1.9,2,2.7,2.9,5,12,19.2742,38.44,41.2078,43.8399,46.8237,36.4538,
Cameroon,CMR,Individuals using the Internet (% of population),IT.NET.USER.ZS,,,,,,,,,,,,,,,,,,,,,,,,,,,,,,,0,0,0,0,0,0,,0.00676874,0.0132163,0.129068,0.25212,0.277051,0.360872,0.587623,0.976075,1.40265,2.02874,2.93,3.4,3.84,4.3,5,7.5,10,16.2149,20.6801,23.203,23.203,23.203,23.203,
"Congo, Dem. Rep.",COD,Individuals using the Internet (% of population),IT.NET.USER.ZS,,,,,,,,,,,,,,,,,,,,,,,,,,,,,,,0,0,0,0,0,0,0.000108207,0.000211213,0.000413065,0.00100908,0.00590211,0.0114758,0.0927907,0.134915,0.196208,0.238038,0.296054,0.37,0.44,0.56,0.72,1.2,1.67996,2.2,3,3.8,6.20997,8.6199,8.6199,8.6199,
"Congo, Rep.",COG,Individuals using the Internet (% of population),IT.NET.USER.ZS,,,,,,,,,,,,,,,,,,,,,,,,,,,,,,,0,0,0,0,0,0,0.00352686,0.0034691,0.00341514,0.016791,0.0263547,0.0322236,0.15725,0.460014,1.0775,1.46342,2.00799,2.7597,4.28751,4.5,5,5.6,6.1067,6.6,7.11,7.61597,8.12195,8.65,8.65,8.65,
Colombia,COL,Individuals using the Internet (% of population),IT.NET.USER.ZS,,,,,,,,,,,,,,,,,,,,,,,,,,,,,,,0,0,0,0,0.107174,0.188047,0.330018,0.550521,1.12623,1.69773,2.20753,2.8542,4.6,7.38892,9.11869,11.0073,15.3417,21.8,25.6,30,36.5,40.3509,48.98,51.7,52.57,55.905,58.1365,62.2599,62.2599,65.0069,
Comoros,COM,Individuals using the Internet (% of population),IT.NET.USER.ZS,,,,,,,,,,,,,,,,,,,,,,,,,,,,,,,0,0,0,0,0,0,,0,0.037871,0.148163,0.271741,0.443068,0.55487,0.848189,1.32733,2,2.2,2.5,3,3.5,5.1,5.5,5.9753,6.5,6.98,7.45916,7.93832,8.47817,8.47817,8.47817,
Cabo Verde,CPV,Individuals using the Internet (% of population),IT.NET.USER.ZS,,,,,,,,,,,,,,,,,,,,,,,,,,,,,,,0,0,0,0,0,0,,0.240968,0.472735,1.15998,1.82244,2.68533,3.51876,4.32489,5.31883,6.07409,6.80891,8.28322,14,21,30,32,34.74,37.5,40.26,42.68,50.3228,57.1621,58.1714,58.1714,
Costa Rica,CRI,Individuals using the Internet (% of population),IT.NET.USER.ZS,,,,,,,,,,,,,,,,,,,,,,,,,,,,,,,0,0,0.00111333,0.0815098,0.279912,0.416829,0.841057,1.64022,2.66638,3.90432,5.80025,9.55948,19.8949,20.3336,20.7923,22.07,25.1,28.4,32.29,34.33,36.5,39.2122,47.5,45.96,53,59.763,65.8804,71.3908,74.0868,81.2026,
Caribbean small states,CSS,Individuals using the Internet (% of population),IT.NET.USER.ZS,,,,,,,,,,,,,,,,,,,,,,,,,,,,,,,0,0,0,0,0.014833904,0.168093408,0.55203327,0.903212914,1.939213291,3.3661042,4.919306417,8.213077392,11.91392752,14.34023483,16.41513604,18.73538566,21.29370288,24.49984679,27.66798763,31.75089746,35.39109463,42.14124848,42.49399151,45.26984014,48.33367778,50.29546283,52.95321869,59.17636957,59.1730233,,
Cuba,CUB,Individuals using the Internet (% of population),IT.NET.USER.ZS,,,,,,,,,,,,,,,,,,,,,,,,,,,,,,,0,0,0,0,0,9.17E-05,0.031949,0.0682202,0.226699,0.314691,0.541183,1.07975,3.77059,5.24127,8.40798,9.73806,11.1596,11.69,12.94,14.33,15.9,16.0173,21.2,27.93,29.0702,37.3051,42.9787,57.1484,57.1484,61.8363,
Curacao,CUW,Individuals using the Internet (% of population),IT.NET.USER.ZS,,,,,,,,,,,,,,,,,,,,,,,,,,,,,,,,,,,,,,,,,,,,,,,,,,,,,,,,,61.8555,68.1272,68.1272,68.1272,
Cayman Islands,CYM,Individuals using the Internet (% of population),IT.NET.USER.ZS,,,,,,,,,,,,,,,,,,,,,,,,,,,,,,,0,0,0,0,0,3.94897,3.94897,3.94897,3.94897,3.94897,3.94897,,,,,38.0344,44.5,52,61,64.5,66,69.4659,69.7,71.4,74.1,77,79,81.0677,81.0677,81.0677,
Cyprus,CYP,Individuals using the Internet (% of population),IT.NET.USER.ZS,,,,,,,,,,,,,,,,,,,,,,,,,,,,,,,0,0,0.0500604,0.0563675,0.111035,0.410121,0.673344,4.37827,8.89054,11.3424,15.2554,18.8188,28.32,30.09,33.83,32.81,35.83,40.77,42.31,49.81,52.99,56.8599,60.6899,65.4548,69.33,71.7159,75.9002,80.7432,84.4336,86.0636,
Czech Republic,CZE,Individuals using the Internet (% of population),IT.NET.USER.ZS,,,,,,,,,,,,,,,,,,,,,,,,,,,,,,,0,0,0,0.58132,1.25922,1.45358,1.94038,2.9157,3.89591,6.8328,9.78053,14.6972,23.93,34.3,35.5,35.27,47.93,51.93,62.97,64.43,68.82,70.49,73.43,74.1104,74.2317,75.6688,76.4812,78.7192,80.6882,80.8669,
Germany,DEU,Individuals using the Internet (% of population),IT.NET.USER.ZS,,,,,,,,,,,,,,,,,,,,,,,,,,,,,,,0.125892,0.250274,0.435285,0.463635,0.922541,1.83774,3.05481,6.71109,9.87785,20.846,30.2163,31.6509,48.82,55.9,64.73,68.71,72.16,75.16,78,79,82,81.27,82.35,84.17,86.19,87.5898,84.1652,84.3955,89.7391,88.1345,
Djibouti,DJI,Individuals using the Internet (% of population),IT.NET.USER.ZS,,,,,,,,,,,,,,,,,,,,,,,,,,,,,,,0,0,0,0,0,0.0160308,0.0311662,0.0829415,0.094696,0.105762,0.194501,0.343526,0.486972,0.62594,0.781317,0.953611,1.27004,1.62,2.26,4,6.5,7,8.26723,9.5,10.71,11.9224,13.1349,55.6814,55.6814,55.6814,
Dominica,DMA,Individuals using the Internet (% of population),IT.NET.USER.ZS,,,,,,,,,,,,,,,,,,,,,,,,,,,,,,,0,0,0,0,0,0.548763,1.16552,1.16552,2.92535,2.93216,8.81484,13.2452,18.4249,23.6204,30.3196,38.5436,39.3982,40.2745,41.16,42.02,47.45,48.6,49.8,51,57.5,65,67.03,69.6197,69.6197,69.6197,
Denmark,DNK,Individuals using the Internet (% of population),IT.NET.USER.ZS,,,,,,,,,,,,,,,,,,,,,,,,,,,,,,,0.0972773,0.194057,0.386914,0.57833,1.34431,3.82566,5.71499,11.382,22.6687,30.592,39.1724,42.9575,64.25,76.26,80.93,82.74,86.65,85.03,85.02,86.84,88.72,89.81,92.26,94.6297,95.99,96.3305,96.9678,97.0994,97.6443,98.0464,
Dominican Republic,DOM,Individuals using the Internet (% of population),IT.NET.USER.ZS,,,,,,,,,,,,,,,,,,,,,,,,,,,,,,,0,0,0,0,0,0.0172336,0.0749871,0.142688,0.233914,1.10474,3.70469,4.42939,6.82373,7.89839,8.86555,11.4832,14.8449,17.66,20.82,27.72,31.4,38,42.32,45.9,49.58,54.2158,63.8709,67.5712,74.8243,74.8243,
Algeria,DZA,Individuals using the Internet (% of population),IT.NET.USER.ZS,,,,,,,,,,,,,,,,,,,,,,,,,,,,,,,0,0,0,0,0.000360674,0.00176895,0.00173853,0.0102685,0.0202386,0.199524,0.491706,0.646114,1.59164,2.19536,4.63448,5.84394,7.37598,9.45119,10.18,11.23,12.5,14.9,18.2,22.5,29.5,38.2,42.9455,47.6911,59.5797,59.5797,
East Asia & Pacific (excluding high income),EAP,Individuals using the Internet (% of population),IT.NET.USER.ZS,,,,,,,,,,,,,,,,,,,,,,,,,,,,,,,0,1.79E-06,2.35E-05,0.000874968,0.003637712,0.011840205,0.033627573,0.094096021,0.323173634,0.852457285,1.845867514,2.778004782,4.405103797,5.754845958,6.873061552,8.304745651,10.15732147,14.38495296,19.27252855,23.78902104,28.979835,32.40434994,36.08239434,39.2318696,41.54984646,43.75255541,48.13831924,50.54988865,52.87791335,,
Early-demographic dividend,EAR,Individuals using the Internet (% of population),IT.NET.USER.ZS,,,,,,,,,,,,,,,,,,,,,,,,,,,,,,,0.000242859,0.000959208,0.002356957,0.005449394,0.011410475,0.040377671,0.080194497,0.162023289,0.342002263,0.610515283,1.136624452,1.682488233,2.828288236,3.395669075,4.201649967,4.873932124,5.735479869,7.314519039,8.473975636,9.664196844,12.79285702,15.42567026,18.06796716,20.90993519,25.44907585,25.7726563,30.16674885,38.02905936,39.5251068,,
East Asia & Pacific,EAS,Individuals using the Internet (% of population),IT.NET.USER.ZS,,,,,,,,,,,,,,,,,,,,,,,,,,,,,,,0.007210879,0.014867495,0.031197571,0.06218372,0.107776583,0.1930667,0.467536811,1.083659299,1.885365155,3.417878849,5.482952829,7.278347893,9.431524874,10.95724367,12.98741478,14.67171998,16.62042069,20.79050925,25.28552523,29.55067489,34.27055397,37.40232176,40.7438027,44.1230769,46.32899683,48.46669818,52.61325318,54.47706879,56.61170208,,
Europe & Central Asia (excluding high income),ECA,Individuals using the Internet (% of population),IT.NET.USER.ZS,,,,,,,,,,,,,,,,,,,,,,,,,,,,,,,0,0,0.000280207,0.007099479,0.032910301,0.085227055,0.186326079,0.355747256,0.576011382,1.005752123,1.869852211,2.777019139,4.916847111,7.194897774,10.28229946,11.8816231,14.4762521,19.94837762,23.42756017,26.9613616,35.38834733,40.57393224,48.98203292,52.94660876,57.04551416,58.94856043,62.67015166,66.72824312,70.08033352,,
Europe & Central Asia,ECS,Individuals using the Internet (% of population),IT.NET.USER.ZS,,,,,,,,,,,,,,,,,,,,,,,,,,,,,,,0.048057816,0.101975045,0.1809082,0.280383165,0.525900969,0.993131847,1.841437681,3.355163624,5.43116368,9.225790167,13.15624968,16.37986086,23.00710495,27.86322618,31.77182464,34.85637567,38.01023743,43.61681612,47.31770406,50.53584758,56.08681628,58.79337385,63.58997703,66.31170026,68.98839724,70.04305277,72.44542523,75.02852869,78.24639899,,
Ecuador,ECU,Individuals using the Internet (% of population),IT.NET.USER.ZS,,,,,,,,,,,,,,,,,,,,,,,,,,,,,,,0,0,0.00511804,0.0164008,0.0348336,0.0438336,0.0861613,0.110218,0.125273,0.823372,1.46219,2.67044,4.2608,4.46023,4.83444,5.99426,7.2,10.8,18.8,24.6,29.03,31.3668,35.1351,40.2791,45.5904,48.9404,54.0629,57.2722,57.2722,57.2722,
"Egypt, Arab Rep.",EGY,Individuals using the Internet (% of population),IT.NET.USER.ZS,,,,,,,,,,,,,,,,,,,,,,,,,,,,,,,0,0,0,0.000975791,0.00638327,0.0313196,0.0614669,0.0904802,0.147987,0.290445,0.641265,0.838946,2.72,4.03789,11.92,12.75,13.66,16.03,18.01,20,21.6,25.6,26.4,29.4,33.8946,37.8194,41.2481,44.9502,46.9243,57.2829,
Euro area,EMU,Individuals using the Internet (% of population),IT.NET.USER.ZS,,,,,,,,,,,,,,,,,,,,,,,,,,,,,,,0.07253362,0.160173037,0.311157999,0.459291068,0.829154422,1.667673499,2.880563038,5.097878199,8.00427406,15.19861273,22.46610897,27.30774467,35.08328258,42.0090698,47.37339122,51.1540401,54.84045854,61.31208062,64.79625185,67.10576869,71.02755155,72.01410518,74.11900915,75.85028779,77.08910152,77.47252633,77.98945617,79.6608679,83.78425731,,
Eritrea,ERI,Individuals using the Internet (% of population),IT.NET.USER.ZS,,,,,,,,,,,,,,,,,,,,,,,,,,,,,,,0,0,0,0,0,0,0,0.00901772,0.00877424,0.025495,0.136712,0.157815,0.22709,0.22709,0.22709,0.22709,0.22709,0.41,0.47,0.54,0.61,0.7,0.8,0.9,0.99,1.08373,1.17712,1.30891,1.30891,1.30891,
Spain,ESP,Individuals using the Internet (% of population),IT.NET.USER.ZS,,,,,,,,,,,,,,,,,,,,,,,,,,,,,,,0.0128736,0.0256862,0.0768455,0.12769,0.28007,0.380801,1.33185,2.80332,4.36189,7.08504,13.625,18.1487,20.39,39.93,44.01,47.88,50.37,55.11,59.6,62.4,65.8,67.09,69.81,71.635,76.19,78.6896,80.5613,84.6022,86.1072,90.7187,
Estonia,EST,Individuals using the Internet (% of population),IT.NET.USER.ZS,,,,,,,,,,,,,,,,,,,,,,,,,,,,,,,0,0,0.0654848,0.300711,1.15975,2.77897,3.52511,5.70628,10.796,14.5009,28.577,31.5275,41.52,45.32,53.2,61.45,63.51,66.19,70.58,72.5,74.1,76.5,78.3899,80.0043,84.2415,88.4097,87.2402,88.1025,89.357,89.5323,
Ethiopia,ETH,Individuals using the Internet (% of population),IT.NET.USER.ZS,,,,,,,,,,,,,,,,,,,,,,,,,,,,,,,0,0,0,0,0,1.75E-05,0.00170345,0.00496672,0.00966352,0.0125416,0.0152638,0.0371624,0.0724023,0.105812,0.155335,0.21966,0.310593,0.37,0.45,0.54,0.75,1.1,2.9,4.6,7.7,13.8552,15.3669,18.6181,18.6181,18.6181,
European Union,EUU,Individuals using the Internet (% of population),IT.NET.USER.ZS,,,,,,,,,,,,,,,,,,,,,,,,,,,,,,,0.066722342,0.145183775,0.271839305,0.415061251,0.78519929,1.51470485,2.624648606,4.802364779,7.693017968,13.62788206,19.64720821,24.13903682,32.12830395,38.60789552,44.18743913,48.3021543,52.55049694,58.24950528,62.25060539,64.99325092,68.6960749,69.6621591,71.85750455,73.61029716,75.18542814,75.65463512,76.91320523,78.75553976,82.39577379,,
Fragile and conflict affected situations,FCS,Individuals using the Internet (% of population),IT.NET.USER.ZS,,,,,,,,,,,,,,,,,,,,,,,,,,,,,,,0,0,0.00060587,0.002072174,0.002792529,0.006824873,0.022825494,0.049613229,0.134880102,0.247923843,0.338227099,0.415078547,0.667372253,0.994418835,1.423241722,2.449788274,3.302744664,4.737103987,5.631980028,6.821931587,8.632993804,10.00874786,12.10489063,14.19283414,16.09302262,24.46774535,20.07842248,28.038547,27.93561457,,
Finland,FIN,Individuals using the Internet (% of population),IT.NET.USER.ZS,,,,,,,,,,,,,,,,,,,,,,,,,,,,,,,0.401088,1.39744,1.88688,2.56846,4.9151,13.9003,16.7801,19.4587,25.4525,32.2951,37.2485,43.1054,62.43,69.22,72.39,74.48,79.66,80.78,83.67,82.49,86.89,88.71,89.88,91.5144,86.5304,86.4221,87.7036,87.4689,88.89,89.6074,
Fiji,FJI,Individuals using the Internet (% of population),IT.NET.USER.ZS,,,,,,,,,,,,,,,,,,,,,,,,,,,,,,,0,0,0,0.00667845,0.0079074,0.00911534,0.0644371,0.223455,0.633168,0.942462,1.49685,1.85798,6.15265,6.72543,7.41294,8.45364,9.60004,10.8978,13,17,20,28,33.7424,35.2,37.4,42.5,46.507,49.9664,49.9664,49.9664,
France,FRA,Individuals using the Internet (% of population),IT.NET.USER.ZS,,,,,,,,,,,,,,,,,,,,,,,,,,,,,,,0.0527779,0.140114,0.279049,0.590619,0.899867,1.63795,2.58403,4.255,6.31978,9.12532,14.3079,26.3259,30.18,36.14,39.15,42.87,46.87,66.09,70.68,71.58,77.28,77.82,81.44,81.9198,83.75,78.01,79.2698,80.5025,82.0435,83.3397,
Faroe Islands,FRO,Individuals using the Internet (% of population),IT.NET.USER.ZS,,,,,,,,,,,,,,,,,,,,,,,,,,,,,,,0,0,0,0,0,0,2.31879,4.6013,11.3379,22.2975,32.9164,43.247,53.2992,58.9126,66.5336,67.9026,69.3594,75.98,75.57,75.18,75.2,80.7322,85.3352,90,93.3,94.2,95.1087,97.582,97.582,97.582,
"Micronesia, Fed. Sts.",FSM,Individuals using the Internet (% of population),IT.NET.USER.ZS,,,,,,,,,,,,,,,,,,,,,,,,,,,,,,,0,0,0,0,0,0,0.278038,0.570677,1.85872,2.79759,3.73486,4.66053,5.5701,9.2325,11.0179,11.8814,12.7503,13.6211,14.49,15.35,20,22.8,25.9744,27.8,29.65,31.5011,33.3522,35.3041,35.3041,35.3041,
Gabon,GAB,Individuals using the Internet (% of population),IT.NET.USER.ZS,,,,,,,,,,,,,,,,,,,,,,,,,,,,,,,0,0,0,0,0,0,0,0.047999,0.170125,0.24901,1.21614,1.34762,1.93953,2.65959,2.97907,4.89326,5.4892,5.767,7.5,9.5,13,18,24,30.538,38.0712,45.7845,48.0523,62,62,62,
United Kingdom,GBR,Individuals using the Internet (% of population),IT.NET.USER.ZS,,,,,,,,,,,,,,,,,,,,,,,,,,,,,,,0.0873553,0.174231,0.260615,0.519762,1.03661,1.89517,4.12365,7.3854,13.67,21.2936,26.8218,33.4811,56.48,64.82,65.61,70,68.82,75.09,78.39,83.56,85,85.38,87.48,89.8441,91.61,92.0003,94.7758,94.62,94.8967,92.5166,
Georgia,GEO,Individuals using the Internet (% of population),IT.NET.USER.ZS,,,,,,,,,,,,,,,,,,,,,,,,,,,,,,,0,0,0,0,0,0.0118369,0.0400654,0.0609303,0.102831,0.416344,0.484746,0.992344,1.58788,2.55882,3.88622,6.07946,7.52688,8.26,10.01,20.07,26.9,31.52,36.94,43.3,44,47.5698,58.4593,59.7055,63.9686,68.8467,
Ghana,GHA,Individuals using the Internet (% of population),IT.NET.USER.ZS,,,,,,,,,,,,,,,,,,,,,,,,,,,,,,,0,0,0,0,0,0.000347918,0.00564876,0.0275375,0.0322404,0.104895,0.153615,0.200008,0.830284,1.19306,1.7168,1.8312,2.72318,3.85,4.27,5.44,7.8,9,10.6,15,25.5177,25,34.666,39,39,39,
Gibraltar,GIB,Individuals using the Internet (% of population),IT.NET.USER.ZS,,,,,,,,,,,,,,,,,,,,,,,,,,,,,,,0,0,0,0,0,0,,2.66291,4.18379,5.93698,19.1316,21.1711,23.6702,28.3258,32.8861,39.0701,45.2986,51.61,58,65.07,65,65,65.017,65.017,65.017,65.017,94.4445,94.4445,94.4445,94.4445,
Guinea,GIN,Individuals using the Internet (% of population),IT.NET.USER.ZS,,,,,,,,,,,,,,,,,,,,,,,,,,,,,,,0,0,0,0,0.000138318,0.000668589,0.00194894,0.00380311,0.00620337,0.0608089,0.0954249,0.175542,0.402023,0.45096,0.508819,0.542254,0.637492,0.780025,0.92,0.94,1,2,3.1,4.5,6.4,8.2,9.8,18,18,18,
"Gambia, The",GMB,Individuals using the Internet (% of population),IT.NET.USER.ZS,,,,,,,,,,,,,,,,,,,,,,,,,,,,,,,0,0,0,0,0,0.00921754,0.0355074,0.0513113,0.206094,0.715827,0.921795,1.33679,1.79678,2.43678,3.308,3.799,5.23769,6.20504,6.88,7.63,9.2,10.8703,12.4492,14,15.56,16.5,18.5,19.8365,19.8365,19.8365,
Guinea-Bissau,GNB,Individuals using the Internet (% of population),IT.NET.USER.ZS,,,,,,,,,,,,,,,,,,,,,,,,,,,,,,,0,0,0,0,0,0,,0.0163891,0.0240604,0.117702,0.230103,0.299569,1.02299,1.3542,1.80814,1.90137,2.0572,2.2063,2.35489,2.30328,2.45,2.672,2.89399,3.1,3.32,3.54071,3.76141,3.93051,3.93051,3.93051,
Equatorial Guinea,GNQ,Individuals using the Internet (% of population),IT.NET.USER.ZS,,,,,,,,,,,,,,,,,,,,,,,,,,,,,,,0,0,0,0,0,0,,0.0414623,0.0944238,0.0974159,0.132355,0.16526,0.321198,0.520524,0.84393,1.14979,1.27919,1.55712,1.82,2.13,6,11.5,13.9432,16.4,18.86,21.32,23.78,26.24,26.24,26.24,
Greece,GRC,Individuals using the Internet (% of population),IT.NET.USER.ZS,,,,,,,,,,,,,,,,,,,,,,,,,,,,,,,0,0.0487888,0.0482916,0.191062,0.378174,0.749616,1.39536,1.84963,3.22182,6.87729,9.13884,10.935,14.67,17.8,21.42,24,32.25,35.88,38.2,42.4,44.4,51.65,55.07,59.8663,63.21,66.835,69.0879,70.5494,72.9521,75.6712,
Grenada,GRD,Individuals using the Internet (% of population),IT.NET.USER.ZS,0,,,,,0,,,,,0,,,,,0,0,0,0,0,0,0,0,0,0,0,0,0,0,0,0,0,0,0,0,0,0.298033,0.990884,1.48485,2.47317,4.06391,5.1281,14.7588,18.6452,19.5706,20.4878,21.396,22.29,23.18,24.05,27,30,32,35,51.6,53.81,55.8564,59.0717,59.0717,59.0717,
Greenland,GRL,Individuals using the Internet (% of population),IT.NET.USER.ZS,,,,,,,,,,,,,,,,,,,,,,,,,,,,,,,0,0,0,0,0.0647121,0.0539403,1.79672,7.9545,14.6544,21.6026,31.7478,35.4641,44.1548,54.5343,56.099,57.7034,59.3617,61.07,62.82,62.83,63,64,64.896,65.8,66.7,67.6004,68.5009,69.4825,69.4825,69.4825,
Guatemala,GTM,Individuals using the Internet (% of population),IT.NET.USER.ZS,,,,,,,,,,,,,,,,,,,,,,,,,,,,,,,0,0,0,0,0,0.00299801,0.0195349,0.095476,0.46659,0.592653,0.712333,1.7382,3.39175,4.54885,5.1,5.7,6.5,7.3,8.3,9.3,10.5,12.3,16,19.7,23.4,28.8059,34.5093,65,65,65,
Guam,GUM,Individuals using the Internet (% of population),IT.NET.USER.ZS,,,,,,,,,,,,,,,,,,,,,,,,,,,,,,,0,0,0,0,0.348454,0.659531,1.35611,2.34457,4.50128,8.49718,16.1131,25.3802,31.1923,33.7167,36.1618,38.5599,43.8514,46.1505,48.4187,50.642,54.04,57.7,61.5342,65.4,69.27,73.14,77.01,80.5055,80.5055,80.5055,
Guyana,GUY,Individuals using the Internet (% of population),IT.NET.USER.ZS,,,,,,,,,,,,,,,,,,,,,,,,,,,,,,,0,0,0,0,0,0,0.0658541,0.131828,0.264088,3.96635,6.61149,13.207,13.207,13.207,13.207,13.207,13.207,13.8,18.2,23.9,29.9,30,30.5,31,32,34,35.66,37.3258,37.3258,37.3258,
High income,HIC,Individuals using the Internet (% of population),IT.NET.USER.ZS,,,,,,,,,,,,,,,,,,,,,,,,,,,,,,,0.254098633,0.411054179,0.653426812,0.931203159,1.877072276,3.526364653,6.485448407,10.24360961,15.42845035,22.29107348,29.90979682,35.87812006,44.30945864,48.90556675,54.02036592,57.81115083,60.54691861,65.9212889,68.09201039,69.40504164,71.5392628,72.10249872,74.84523903,76.25961471,77.93753935,79.37176179,83.73019836,84.64334104,86.37404374,,
"Hong Kong SAR, China",HKG,Individuals using the Internet (% of population),IT.NET.USER.ZS,,,,,,,,,,,,,,,,,,,,,,,,,,,,,,,0,0.120955,0.849528,1.33457,2.7842,3.21864,4.74884,10.5188,14.546,21.2307,27.8278,38.6714,43.0824,52.2,56.3999,56.9,60.8,64.8,66.7,69.4,72,72.2,72.9,74.2,79.8663,84.9484,87.4794,89.4159,89.4159,91.7434,
Honduras,HND,Individuals using the Internet (% of population),IT.NET.USER.ZS,,,,,,,,,,,,,,,,,,,,,,,,,,,,,,,0,0,0,0,0,0.0367753,0.0437112,0.170996,0.301247,0.573575,1.20386,1.41528,2.5974,4.8,5.6,6.5,7.8,9.4,9.6,9.8,11.09,15.9,18.12,17.8,19.08,27.1,29.5,31.7,31.7,31.7,
Heavily indebted poor countries (HIPC),HPC,Individuals using the Internet (% of population),IT.NET.USER.ZS,,,,,,,,,,,,,,,,,,,,,,,,,,,,,,,0,0,0,0,0.000299313,0.002469556,0.008777938,0.023690869,0.043981728,0.107009681,0.174022837,0.257960036,0.41480522,0.622575331,0.930489383,1.218645001,1.523289691,2.429002577,2.94211907,3.512455995,4.662291615,5.338314247,6.608326546,8.07053559,10.40152413,14.6433585,15.35069562,19.35284418,19.27454262,,
Croatia,HRV,Individuals using the Internet (% of population),IT.NET.USER.ZS,,,,,,,,,,,,,,,,,,,,,,,,,,,,,,,0,0,0,0.0972134,0.268319,0.514029,0.858982,1.72961,3.27322,4.40536,6.64488,11.5586,17.76,22.75,30.91,33.14,37.98,41.44,44.24,50.58,56.55,57.79,61.94,66.7476,68.57,69.8031,72.6973,67.0962,72.6888,79.0798,
Haiti,HTI,Individuals using the Internet (% of population),IT.NET.USER.ZS,,,,,,,,,,,,,,,,,,,,,,,,,,,,,,,0,0,0,0,0,0,0.00748425,0.00748425,0.0239995,0.0706585,0.231271,0.340832,0.893433,1.64736,5.40126,6.3762,6.796,7.2,7.6,8.1,8.37,9,9.8,10.6,11.4,12.1977,12.2326,12.3261,32.4736,32.4736,
Hungary,HUN,Individuals using the Internet (% of population),IT.NET.USER.ZS,,,,,,,,,,,,,,,,,,,,,,,,,,,,,,,0,0.00338263,0.0483534,0.193414,0.483581,0.677486,0.96924,1.94245,3.89464,5.85784,6.99968,14.5286,16.67,21.63,27.74,38.97,47.06,53.3,61,62,65,68.02,70.58,72.6439,75.6532,72.8347,79.2594,76.7505,76.0744,80.3717,
IBRD only,IBD,Individuals using the Internet (% of population),IT.NET.USER.ZS,,,,,,,,,,,,,,,,,,,,,,,,,,,,,,,0,0.000478197,0.002251579,0.006582723,0.017943912,0.049308581,0.10985398,0.217520954,0.492012018,0.965836024,1.86565309,2.683050551,4.486883986,5.771097087,7.374071881,8.684086449,10.5201667,13.73976494,16.95566016,20.29843338,24.82664159,28.31640381,32.07655462,35.17767672,38.87623672,40.03624081,43.92293646,50.17001054,51.57537371,,
IDA & IBRD total,IBT,Individuals using the Internet (% of population),IT.NET.USER.ZS,,,,,,,,,,,,,,,,,,,,,,,,,,,,,,,0,0.000385755,0.001812069,0.005285693,0.014400052,0.039558403,0.093103185,0.17903477,0.402009162,0.78150408,1.504285601,2.191058752,3.67216887,4.789135271,6.122903414,7.239087362,8.790267238,11.45883497,14.06092153,16.77383576,20.53003441,23.40483891,26.5767779,29.27599365,32.72053959,34.69143127,37.52023357,43.32328575,44.3023007,,
IDA total,IDA,Individuals using the Internet (% of population),IT.NET.USER.ZS,,,,,,,,,,,,,,,,,,,,,,,,,,,,,,,0,0,0,5.59E-06,0.000158516,0.000876336,0.005934767,0.018223626,0.034987618,0.076288361,0.139455465,0.381618273,0.71693832,1.273459504,1.691349794,2.188091274,2.823034754,3.694965244,4.337520156,5.088536227,6.368084444,7.416618403,8.892887601,10.66513877,13.56010018,18.26695075,18.10220107,22.85996864,22.82640097,,
IDA blend,IDB,Individuals using the Internet (% of population),IT.NET.USER.ZS,,,,,,,,,,,,,,,,,,,,,,,,,,,,,,,0,0,0,1.67E-05,8.28E-05,0.000827211,0.007211882,0.02571125,0.043301871,0.076698705,0.15497977,0.718761882,1.416314473,2.725475924,3.508014323,4.444494402,5.477431816,6.233094007,6.963127305,7.932915141,9.351824164,10.98573758,12.89347216,14.99697145,17.31194311,24.26261781,20.40517356,28.02556159,28.0411957,,
Indonesia,IDN,Individuals using the Internet (% of population),IT.NET.USER.ZS,,,,,,,,,,,,,,,,,,,,,,,,,,,,,,,0,0,0,0,0.00105974,0.0261095,0.056624,0.19491,0.255307,0.444416,0.925564,2.01861,2.13414,2.38702,2.60029,3.60202,4.76481,5.78627,7.91748,6.92,10.92,12.28,14.52,14.94,17.14,21.9761,25.4474,32.2924,39.7875,47.6906,
IDA only,IDX,Individuals using the Internet (% of population),IT.NET.USER.ZS,,,,,,,,,,,,,,,,,,,,,,,,,,,,,,,0,0,0,0,0.000196528,0.000901002,,0.013951805,0.030325653,0.076076332,0.131433519,0.212575276,0.36579974,0.545322939,0.781235687,1.058228086,1.493856573,2.423512274,3.02124738,3.661091837,4.85292462,5.601299353,6.85464583,8.478108565,11.66317978,15.23222701,16.93567077,20.24685667,20.18365272,,
Isle of Man,IMN,Individuals using the Internet (% of population),IT.NET.USER.ZS,,,,,,,,,,,,,,,,,,,,,,,,,,,,,,,,,,,,,,,,,,,,,,,,,,,,,,,,,,,,,
India,IND,Individuals using the Internet (% of population),IT.NET.USER.ZS,,,,,,,,,,,,,,,,,,,,,,,,,,,,,,,0,0,0.000111308,0.000218176,0.00106956,0.0262289,0.046334,0.0707678,0.139027,0.273224,0.527532,0.660146,1.53788,1.68649,1.97614,2.38807,2.8055,3.95,4.38,5.12,7.5,10.07,12.5801,15.1,21,17,22,34.45,34.45,34.45,
Not classified,INX,Individuals using the Internet (% of population),IT.NET.USER.ZS,,,,,,,,,,,,,,,,,,,,,,,,,,,,,,,,,,,,,,,,,,,,,,,,,,,,,,,,,,,,,
Ireland,IRL,Individuals using the Internet (% of population),IT.NET.USER.ZS,,,,,,,,,,,,,,,,,,,,,,,,,,,,,,,0,0.056796,0.169686,0.281141,0.558377,1.10839,2.1993,4.08826,8.09601,10.9338,17.8505,23.1388,25.85,34.31,36.99,41.61,54.82,61.1583,65.34,67.38,69.85,74.89,76.92,78.2477,83.4917,83.4948,85.0111,84.114,84.5223,84.5223,
"Iran, Islamic Rep.",IRN,Individuals using the Internet (% of population),IT.NET.USER.ZS,,,,,,,,,,,,,,,,,,,,,,,,,,,,,,,0,0,0,0,0.000408332,0.00417975,0.0158261,0.0467561,0.0998152,0.378569,0.93419,1.48422,4.62618,6.93372,7.49,8.1,8.76,9.47,12.02,13.8,15.9,19,22.73,29.95,39.35,45.335,53.2268,64.044,70.0046,70.0046,
Iraq,IRQ,Individuals using the Internet (% of population),IT.NET.USER.ZS,,,,,,,,,,,,,,,,,,,,,,,,,,,,,,,0,0,0,0,0,0,,,,,,0.1,0.5,0.6,0.9,0.9,0.952344,0.93,1,1.06,2.5,5,7.1,9.2,13.21,58,21.23,49.36,49.36,49.36,
Iceland,ISL,Individuals using the Internet (% of population),IT.NET.USER.ZS,,,,,,,,,,,,,,,,,,,,,,,,,,,,,,,0,0.505129,1.53916,2.66783,6.79481,11.2159,14.8065,27.4789,36.2642,41.2946,44.4705,49.393,79.12,83.14,83.88,87,89.51,90.6,91,93,93.39,94.8197,96.2098,96.5468,98.16,98.2,98.24,98.26,99.011,99.011,
Israel,ISR,Individuals using the Internet (% of population),IT.NET.USER.ZS,,,,,,,,,,,,,,,,,,,,,,,,,,,,,,,0.110774,0.214624,0.310579,0.398833,0.576966,0.930423,2.16837,4.39941,10.3071,13.4361,20.8738,17.3786,17.7646,19.5934,22.7705,25.194,27.8811,48.1281,59.39,63.12,67.5,68.8739,70.8,70.2503,75.0178,77.3521,79.6531,81.5812,81.5812,86.7879,
Italy,ITA,Individuals using the Internet (% of population),IT.NET.USER.ZS,,,,,,,,,,,,,,,,,,,,,,,,,,,,,,,0.0175446,0.0350633,0.0700534,0.122462,0.192305,0.524413,1.02329,2.27674,4.55852,14.3784,23.1109,27.2221,28.04,29.04,33.24,35,37.99,40.79,44.53,48.83,53.68,54.39,55.83,58.4593,55.6385,58.1417,61.3243,63.0773,74.3872,74.3872,
Jamaica,JAM,Individuals using the Internet (% of population),IT.NET.USER.ZS,,,,,,,,,,,,,,,,,,,,,,,,,,,,,,,0,0,0,0,0.0368171,0.109488,0.591146,0.797797,1.97873,2.35569,3.11578,3.86302,6.1,7.8,10,12.8,16.4,21.1,23.6,24.3,27.67,37.4386,33.79,37.1,40.4027,42.2212,44.3669,55.0721,55.0721,55.0721,
Jordan,JOR,Individuals using the Internet (% of population),IT.NET.USER.ZS,,,,,,,,,,,,,,,,,,,,,,,,,,,,,,,0,0,0,0,0,0.0232339,0.0449385,0.599341,1.30589,2.52697,2.62328,4.70572,6.02553,8.46601,11.6587,12.9329,13.8671,20,23,26,27.2,34.9,37,41.4,46.2,60.1144,62.3022,66.7903,66.7903,66.7903,
Japan,JPN,Individuals using the Internet (% of population),IT.NET.USER.ZS,,,,,,,,,,,,,,,,,,,,,,,,,,,,,,,0.0202937,0.040438,0.096678,0.401278,0.799684,1.59436,4.37298,9.16308,13.414,21.3913,29.9907,38.5321,46.5942,48.4353,62.3939,66.9211,68.6853,74.3,75.4,78,78.21,79.0541,79.4964,88.2194,89.1068,91.058,93.1827,84.5881,84.5881,84.5881,
Kazakhstan,KAZ,Individuals using the Internet (% of population),IT.NET.USER.ZS,,,,,,,,,,,,,,,,,,,,,,,,,,,,,,,0,0,0,0,0.000521079,0.0113024,0.0318245,0.0645968,0.13107,0.464277,0.668594,1.00612,1.67477,2.00041,2.65039,2.96171,3.26837,4.02,11,18.2,31.6,50.6,61.9066,63.3042,66,70.8299,74.5877,76.4267,78.9039,81.8776,
Kenya,KEN,Individuals using the Internet (% of population),IT.NET.USER.ZS,,,,,,,,,,,,,,,,,,,,,,,,,,,,,,,0,0,0,0,0,0.000727482,0.00883911,0.0344061,0.0502614,0.114256,0.31806,0.619782,1.20777,2.9419,3.02353,3.1019,3.6,4.4,5.2,6.1,7.2,8.8,10.5,13,16.5,16.5879,16.6,17.8271,17.8271,22.5651,
Kyrgyz Republic,KGZ,Individuals using the Internet (% of population),IT.NET.USER.ZS,,,,,,,,,,,,,,,,,,,,,,,,,,,,,,,0,0,0,0,0,0,,,0.0728083,0.204711,1.0414,3.00294,2.99927,3.90877,5.09039,10.5338,12.3069,14.03,15.7,16,16.3,17.5,19.8,23,28.3,30.247,37,38,38,38,
Cambodia,KHM,Individuals using the Internet (% of population),IT.NET.USER.ZS,,,,,,,,,,,,,,,,,,,,,,,,,,,,,,,0,0,0,0,0,0,,0.00584491,0.016325,0.0319696,0.0470226,0.0769561,0.226983,0.26057,0.300437,0.317322,0.468357,0.49,0.51,0.53,1.26,3.1,4.94,6.8,14,6.43319,32.3985,32.4469,40,40,
Kiribati,KIR,Individuals using the Internet (% of population),IT.NET.USER.ZS,,,,,,,,,,,,,,,,,,,,,,,,,,,,,,,0,0,0,0,0,0,,,0.616546,1.21158,1.78523,2.33746,2.5,3,3.5,4,4.5,6,7,8.97,9.07,10,10.7468,11.5,12.25,12.9975,13.7,14.5818,14.5818,14.5818,
St. Kitts and Nevis,KNA,Individuals using the Internet (% of population),IT.NET.USER.ZS,,,,,,,,,,,,,,,,,,,,,,,,,,,,,,,0,0,0,0,0,0,1.94557,2.25856,3.34381,4.40044,5.86281,7.71473,21.1524,22.9698,24.7377,34,38.5,43.5,49.2,55.7,63,63.2,64,64.6,68,75.7,76.8177,80.7102,80.7102,80.7102,
"Korea, Rep.",KOR,Individuals using the Internet (% of population),IT.NET.USER.ZS,,,,,,,,,,,,,,,,,,,,,,,,,,,,,,,0.0232651,0.0461244,0.0984043,0.249947,0.311359,0.819687,1.62424,3.6008,6.78182,23.5522,44.7,56.6,59.4,65.5,72.7,73.5,78.1,78.8,81,81.6,83.7,83.7591,84.07,84.77,87.5568,89.9,92.843,95.0694,95.8983,96.1576,
Kuwait,KWT,Individuals using the Internet (% of population),IT.NET.USER.ZS,,,,,,,,,,,,,,,,,,,,,,,,,,,,,,,0,0,0,0.0910822,0.147163,0.202898,0.855662,2.17454,3.0524,4.75622,6.7314,8.55179,10.249,22.4029,22.9271,25.9261,28.7912,34.8,42,50.8,61.4,65.7691,70.45,75.46,78.7,72,78.3674,100,99.6,99.5427,
Latin America & Caribbean (excluding high income),LAC,Individuals using the Internet (% of population),IT.NET.USER.ZS,,,,,,,,,,,,,,,,,,,,,,,,,,,,,,,0,0.00235566,0.009036183,0.020065928,0.040509041,0.094832423,0.284722062,0.556291538,1.147996774,1.884485225,3.361208033,5.055673688,8.3148136,10.68064179,13.86051548,16.06500369,20.20621173,23.20834803,25.93090695,30.47105626,34.15003527,38.71842358,42.51234378,45.60772162,48.09442031,53.79045243,56.3874494,62.53342287,63.6659604,,
Lao PDR,LAO,Individuals using the Internet (% of population),IT.NET.USER.ZS,,,,,,,,,,,,,,,,,,,,,,,,,,,,,,,0,0,0,0,0,0,,,0.00965781,0.0377807,0.111044,0.181664,0.267899,0.333912,0.361434,0.850357,1.16989,1.64,3.55,6,7,9,10.7477,12.5,14.26,18.2,21.87,25.5104,25.5104,25.5104,
Lebanon,LBN,Individuals using the Internet (% of population),IT.NET.USER.ZS,,,,,,,,,,,,,,,,,,,,,,,,,,,,,,,0,0,0,0,0,0.071618,0.140167,1.24108,2.72235,5.37681,7.95274,6.78322,7,8,9,10.14,15,18.74,22.53,30.14,43.68,52,61.2498,70.5,73,74,76.11,78.1808,78.1808,78.1808,
Liberia,LBR,Individuals using the Internet (% of population),IT.NET.USER.ZS,,,,,,,,,,,,,,,,,,,,,,,,,,,,,,,0,0,0,0,0,0,,0.00448944,0.00409939,0.0113287,0.0177027,0.0338122,0.0327133,0.0318689,0.0310112,0.0310112,0.0310112,0.551377,0.53,2,2.3,2.5,2.6,3.2,5.41,33,7.31911,7.98448,7.98448,7.98448,
Libya,LBY,Individuals using the Internet (% of population),IT.NET.USER.ZS,,,,,,,,,,,,,,,,,,,,,,,,,,,,,,,0,0,0,0,0,0,,,,0.133617,0.187043,0.366533,2.24442,2.81452,3.53284,3.91779,4.30105,4.722,9,10.8,14,14,14,16.5,17.76,19.0161,20.2722,21.7589,21.7589,21.7589,
St. Lucia,LCA,Individuals using the Internet (% of population),IT.NET.USER.ZS,,,,,,,,,,,,,,,,,,,,,,,,,,,,,,,0,0,0,0,0,0.305657,0.670466,0.992168,1.30499,1.93211,5.09048,8.18186,14.6418,20.9825,21.3952,21.5676,24.5,27.9,30,31,32.5,34,34.82,36,39.7,42.5309,46.7291,50.8152,50.8152,50.8152,
Latin America & Caribbean,LCN,Individuals using the Internet (% of population),IT.NET.USER.ZS,,,,,,,,,,,,,,,,,,,,,,,,,,,,,,,0,0.002226481,0.009637499,0.021121279,0.043406914,0.105625788,0.309804645,0.599900804,1.229209587,2.051929461,3.884461092,5.631081176,8.858611627,11.26571106,14.39660722,16.61156514,20.74330506,23.71163155,26.51404217,31.03929555,34.70214119,39.33849013,43.16289342,46.23692452,48.72078945,54.61535508,57.35459106,63.21821957,64.29410918,,
Least developed countries: UN classification,LDC,Individuals using the Internet (% of population),IT.NET.USER.ZS,,,,,,,,,,,,,,,,,,,,,,,,,,,,,,,0,0,0,0,0.00010819,0.000344388,,0.008560435,0.021244435,0.057722338,0.092373291,0.144905653,0.236827582,0.355743794,0.554945862,0.782970429,1.112667448,1.92396112,2.45242223,3.000023106,4.077206023,4.74852862,6.013219235,7.48580317,10.71200187,13.70016221,15.06093437,18.24970467,18.23371492,,
Low income,LIC,Individuals using the Internet (% of population),IT.NET.USER.ZS,,,,,,,,,,,,,,,,,,,,,,,,,,,,,,,0,0,0,0,2.87E-06,0.000213005,0.001932042,0.009794316,0.023128266,0.051864832,0.080850127,0.125401353,0.302679226,0.439825848,0.668233074,0.959399867,1.265296559,2.40498175,3.062155523,3.761230295,4.895254187,5.440610348,6.564706218,7.635081638,9.096126899,11.72792354,12.34852138,15.14374084,15.93428083,,
Liechtenstein,LIE,Individuals using the Internet (% of population),IT.NET.USER.ZS,,,,,,,,,,,,,,,,,,,,,,,,,,,,,,,0,0,0,0,0,0,,,,,36.5152,45.1169,59.4707,58.8097,64.0074,63.3714,64.2142,65.0802,70,75,80,85,89.4077,93.8,95.21,96.6412,98.0939,98.1,98.1,98.1,
Sri Lanka,LKA,Individuals using the Internet (% of population),IT.NET.USER.ZS,,,,,,,,,,,,,,,,,,,,,,,,,,,,,,,0,0,0,0,0.00276545,0.00548444,0.0544645,0.162465,0.296351,0.348414,0.64741,0.793822,1.05042,1.45858,1.44616,1.79205,2.53757,3.88,5.8,8.78,12,15,18.2854,21.9,25.8,12.1,16.4,34.1133,34.1133,34.1133,
Lower middle income,LMC,Individuals using the Internet (% of population),IT.NET.USER.ZS,,,,,,,,,,,,,,,,,,,,,,,,,,,,,,,0,0,5.49E-05,0.000159662,0.001439797,0.016808303,0.036373589,0.060276456,0.144817731,0.259264284,0.47588115,0.750977329,1.519945883,2.048538728,2.93519851,3.658826603,4.469666416,5.610086165,6.533399583,7.738947348,10.44711527,12.70133253,15.19794826,18.01126145,22.74474805,22.61714262,26.10698543,34.93073936,35.60615807,,
Low & middle income,LMY,Individuals using the Internet (% of population),IT.NET.USER.ZS,,,,,,,,,,,,,,,,,,,,,,,,,,,,,,,0,0.000344937,0.00127309,0.003905399,0.01042832,0.032405288,0.077587492,0.153977616,0.347351493,0.707450982,1.377657445,2.03663571,3.430938097,4.508945125,5.769083844,6.826322627,8.325079328,10.97093142,13.54320094,16.21555717,19.96276281,22.84426612,26.0260626,28.73525074,32.16904772,34.11182506,36.91139191,42.76691203,43.89879756,,
Lesotho,LSO,Individuals using the Internet (% of population),IT.NET.USER.ZS,,,,,,,,,,,,,,,,,,,,,,,,,,,,,,,0,0,0,0,0,0,0.00284594,0.00558443,0.0109565,0.0538045,0.211806,0.26115,1.08394,1.5325,2.17552,2.58025,2.97971,3.44543,3.58,3.72,3.86,7,10,15,22,25,27.36,29,29,29,
Late-demographic dividend,LTE,Individuals using the Internet (% of population),IT.NET.USER.ZS,,,,,,,,,,,,,,,,,,,,,,,,,,,,,,,0,0.00054023,0.002986275,0.00865027,0.025544177,0.056099986,0.140348436,0.269325156,0.629076148,1.266271616,2.469390352,3.557471673,5.91191977,8.004273695,10.33220492,12.2643304,15.10663783,19.96705595,25.19701138,30.60043038,36.03734308,40.05044323,44.71075174,47.83811408,50.38289557,52.78864727,56.12961306,58.59172286,60.40702122,,
Lithuania,LTU,Individuals using the Internet (% of population),IT.NET.USER.ZS,,,,,,,,,,,,,,,,,,,,,,,,,,,,,,,0,0,0,0,0,0,0.277421,0.978422,1.97206,2.92305,6.42707,7.17936,17.69,25.91,31.23,36.22,43.9,49.9,55.22,59.76,62.12,63.64,67.23,68.4529,72.13,71.378,74.3766,77.6153,79.7226,81.5819,
Luxembourg,LUX,Individuals using the Internet (% of population),IT.NET.USER.ZS,,,,,,,,,,,,,,,,,,,,,,,,,,,,,,,0,0,0.153199,0.302155,0.496486,1.59094,5.55165,7.1427,11.7456,17.388,22.8873,36.1634,39.84,54.55,65.88,70,72.51,78.92,82.23,87.31,90.62,90.0299,91.9499,93.7765,94.67,96.38,98.1367,97.363,97.0613,97.0613,
Latvia,LVA,Individuals using the Internet (% of population),IT.NET.USER.ZS,,,,,,,,,,,,,,,,,,,,,,,,,,,,,,,0,0,0,0,0,0,0.812717,2.05345,3.31527,4.38741,6.31906,7.21935,21.94,26.98,38.58,46,53.63,59.17,63.41,66.84,68.42,69.75,73.1199,75.2344,75.83,79.2006,79.8421,80.1141,83.5772,86.1355,
"Macao SAR, China",MAC,Individuals using the Internet (% of population),IT.NET.USER.ZS,,,,,,,,,,,,,,,,,,,,,,,,,,,,,,,0,0,0,0,0.0369934,0.280014,0.727274,2.36413,7.00332,9.21201,13.6086,22.5212,25.1719,25.7421,31.4841,34.8629,46.4,47.327,49.24,54,55.198,60.2037,61.31,65.8,69.78,77.6001,81.643,83.1741,83.7941,86.4679,
St. Martin (French part),MAF,Individuals using the Internet (% of population),IT.NET.USER.ZS,,,,,,,,,,,,,,,,,,,,,,,,,,,,,,,,,,,,,,,,,,,,,,,,,,,,,,,,,,,,,
Morocco,MAR,Individuals using the Internet (% of population),IT.NET.USER.ZS,,,,,,,,,,,,,,,,,,,,,,,,,,,,,,,0,0,0,0,0,0.00371049,0.00567544,0.0216352,0.142301,0.175595,0.693791,1.37144,2.37325,3.35337,11.6079,15.0844,19.7712,21.5,33.1,41.3,52,46.1075,55.4161,56,56.8,57.08,58.2712,61.7622,64.8039,74.3763,
Monaco,MCO,Individuals using the Internet (% of population),IT.NET.USER.ZS,,,,,,,,,,,,,,,,,,,,,,,,,,,,,,,0,0,0,0,0,0,,,,,42.1849,46.6461,48.0471,49.4912,52.4902,55.4648,61.476,64.3777,67.25,70.1,75,80.3,87,90.7,92.4,93.3633,95.2082,97.053,97.053,97.053,
Moldova,MDA,Individuals using the Internet (% of population),IT.NET.USER.ZS,,,,,,,,,,,,,,,,,,,,,,,,,,,,,,,0,0,0,0,0.000825391,0.00345722,0.0046439,0.0281288,0.260818,0.600695,1.28285,1.48781,3.78724,7.40754,10.6294,14.6303,19.6206,20.45,23.39,27.5,32.3,38,43.37,60,67,69,71,76.1245,76.1245,76.1245,
Madagascar,MDG,Individuals using the Internet (% of population),IT.NET.USER.ZS,,,,,,,,,,,,,,,,,,,,,,,,,,,,,,,0,0,0,0,0,0,0.0036952,0.0143336,0.062561,0.168609,0.196395,0.222512,0.33972,0.423252,0.525354,0.567722,0.607552,0.65,1.65,1.63,1.7,1.9,2.3,3,3.7,4.17397,4.71366,9.8,9.8,9.8,
Maldives,MDV,Individuals using the Internet (% of population),IT.NET.USER.ZS,0,,,,,0,,,,,0,,,,,0,0,0,0,0,0,0,0,0,0,0,0,0,0,0,0,0,0,0,0,0,0.22693,0.309444,0.569627,1.11991,2.20387,3.61729,5.34777,5.97659,6.58825,6.86961,11.0364,16.3,23.2,24.8,26.53,34,38.9301,44.1,49.28,54.462,59.0926,63.1857,63.1857,63.1857,
Middle East & North Africa,MEA,Individuals using the Internet (% of population),IT.NET.USER.ZS,,,,,,,,,,,,,,,,,,,,,,,,,,,,,,,0.00193898,0.003776598,0.005521882,0.007987142,0.013151879,0.031096413,0.083896859,0.229256757,0.490050677,0.928124706,1.70756821,2.098147758,3.780264356,5.156984007,8.431716026,9.841710008,11.88290979,15.12908403,18.83848775,21.73891308,25.03272652,28.0057785,31.52274634,35.50872854,40.40002138,47.92011294,48.49470035,56.21577228,60.0251192,,
Mexico,MEX,Individuals using the Internet (% of population),IT.NET.USER.ZS,,,,,,,,,,,,,,,,,,,,,,,,,,,,,,,0,0.00588069,0.0173078,0.028305,0.0433392,0.102564,0.200406,0.627312,1.26578,1.85744,5.08138,7.03802,11.9,12.9,14.1,17.21,19.52,20.81,21.71,26.34,31.05,37.1763,39.75,43.46,44.39,57.431,59.5404,63.8522,65.7726,70.0699,
Marshall Islands,MHL,Individuals using the Internet (% of population),IT.NET.USER.ZS,,,,,,,,,,,,,,,,,,,,,,,,,,,,,,,0,0,0,0,0,0,0.0370594,0.0370594,0.0370594,0.966072,1.53427,1.70661,2.33544,2.56975,3.59978,3.8787,3.79559,3.95,4.6,5.6,7,10,12.5,14,16.8,19.2824,29.7878,38.7012,38.7012,38.7012,
Middle income,MIC,Individuals using the Internet (% of population),IT.NET.USER.ZS,,,,,,,,,,,,,,,,,,,,,,,,,,,,,,,0,0.000371513,0.001372428,0.004214315,0.01126441,0.035021872,0.082940203,0.165410633,0.373346645,0.760962022,1.484920372,2.204970249,3.71068822,4.878643112,6.239065948,7.37567143,8.996892236,11.799363,14.573149,17.4584897,21.46163901,24.59996679,28.01614498,30.96220749,34.63838498,36.54084278,39.61512234,45.85119518,46.94369251,,
North Macedonia,MKD,Individuals using the Internet (% of population),IT.NET.USER.ZS,,,,,,,,,,,,,,,,,,,,,,,,,,,,,,,0,0,0,0,0,0.0407438,0.0759957,0.503985,1.00286,1.49733,2.48557,3.46818,17.33,19.07,24.44,26.45,28.62,36.3,46.04,51.77,51.9,56.7,57.4499,65.24,68.06,70.3802,72.1568,74.5168,79.1678,79.1678,
Mali,MLI,Individuals using the Internet (% of population),IT.NET.USER.ZS,,,,,,,,,,,,,,,,,,,,,,,,,,,,,,,0,0,0,0,0,0,0.00205523,0.0100859,0.0197939,0.0609099,0.142546,0.185897,0.227046,0.310364,0.43282,0.507063,0.729627,0.81,1.57,1.8,2,2.2,2.8,3.5,7,10.33,11.1122,13,13,13,
Malta,MLT,Individuals using the Internet (% of population),IT.NET.USER.ZS,,,,,,,,,,,,,,,,,,,,,,,,,,,,,,,0,0,0,0,0,0.224996,1.05153,3.92061,6.50078,7.7598,13.1137,17.8778,28.92,31.64,34.62,41.24,40.41,46.9,50.08,58.86,63,68.0198,68.1999,68.9138,73.17,75.96,78.0751,81.0119,81.4031,85.7786,
Myanmar,MMR,Individuals using the Internet (% of population),IT.NET.USER.ZS,,,,,,,,,,,,,,,,,,,,,,,,,,,,,,,0,0,0,0,0,0,,,,0.000151709,0.000151709,0.000289277,0.000426494,0.0240641,0.0243374,0.0652389,0.182048,0.217128,0.22,0.22,0.25,0.98,4,8,11.52,21.7258,25.0733,30.6782,30.6782,30.6782,
Middle East & North Africa (excluding high income),MNA,Individuals using the Internet (% of population),IT.NET.USER.ZS,,,,,,,,,,,,,,,,,,,,,,,,,,,,,,,0,0,0,0.000239906,0.001971977,0.011131786,0.026429885,0.078113988,0.166167932,0.431232812,0.861165529,1.158867478,2.833644969,4.070637591,7.497282667,8.624789686,10.01169466,11.97921377,15.12677971,17.86957336,20.84902874,23.13447359,26.17863033,29.92718801,34.94453998,43.22793258,43.21821956,51.16231399,54.50948186,,
Montenegro,MNE,Individuals using the Internet (% of population),IT.NET.USER.ZS,,,,,,,,,,,,,,,,,,,,,,,,,,,,,,,,,,,,,,,,,,,,,25.3501,27.1,28.9,30.8,32.9,35.1,37.5,35.6115,56.8388,60.31,61,68.1196,69.8816,71.2723,71.5173,73.4767,
Mongolia,MNG,Individuals using the Internet (% of population),IT.NET.USER.ZS,,,,,,,,,,,,,,,,,,,,,,,,,,,,,,,0,0,0,0,0,0.00881122,0.0181607,0.112743,0.145811,0.508472,1.25565,1.65324,2.03957,2.03957,2.03957,2.03957,2.03957,9,9.8,10,10.2,12.5,16.4,17.7,19.9424,22.5,22.2658,23.7143,23.7143,51.08,
Northern Mariana Islands,MNP,Individuals using the Internet (% of population),IT.NET.USER.ZS,,,,,,,,,,,,,,,,,,,,,,,,,,,,,,,0,0,0,0,0,0,,,,,,,,,,,,,,,,,,,,,,,,,
Mozambique,MOZ,Individuals using the Internet (% of population),IT.NET.USER.ZS,,,,,,,,,,,,,,,,,,,,,,,,,,,,,,,0,0,0,0,0,0,0.00304298,0.0118426,0.0201971,0.0562506,0.109593,0.160032,0.259613,0.419539,0.679448,0.854357,0.842954,0.91,1.56,2.68,4.17,4.3,6,7.29394,9.23631,16.9335,17.5212,10,10,10,
Mauritania,MRT,Individuals using the Internet (% of population),IT.NET.USER.ZS,,,,,,,,,,,,,,,,,,,,,,,,,,,,,,,0,0,0,0,0,0,,0.00417253,0.0405948,0.118464,0.192031,0.261449,0.363229,0.424005,0.48147,0.669966,0.979661,1.43361,1.87,2.28,4,4.5,5,6.2,10.7,15.1991,18,20.801,20.801,20.801,
Mauritius,MUS,Individuals using the Internet (% of population),IT.NET.USER.ZS,,,,,,,,,,,,,,,,,,,,,,,,,,,,,,,0,0,0,0,0,0,0.183769,0.475629,2.56528,4.65221,7.28154,8.7809,10.2526,12.1871,13.6891,15.1722,16.7,20.22,21.81,22.51,28.33,34.95,35.42,40.1168,44.8033,50.1393,52.1913,55.4032,58.5962,63.9999,
Malawi,MWI,Individuals using the Internet (% of population),IT.NET.USER.ZS,,,,,,,,,,,,,,,,,,,,,,,,,,,,,,,0,0,0,0,0,0,,0.00466852,0.0180574,0.0872788,0.126781,0.164021,0.215095,0.278815,0.347505,0.384489,0.425137,0.965865,0.7,1.07,2.26,3.33,4.3506,5.05,5.83,5.3,11.47,13.7822,13.7822,13.7822,
Malaysia,MYS,Individuals using the Internet (% of population),IT.NET.USER.ZS,,,,,,,,,,,,,,,,,,,,,,,,,,,,,,,0,0,0.00104782,0.0255385,0.0996074,0.145674,0.852044,2.30739,6.75177,12.3055,21.3847,26.696,32.3382,34.9712,42.2523,48.6292,51.638,55.7,55.8,55.9,56.3,61,65.8,57.0575,63.6654,71.0641,78.7883,80.1405,81.2017,84.2132,
North America,NAC,Individuals using the Internet (% of population),IT.NET.USER.ZS,,,,,,,,,,,,,,,,,,,,,,,,,,,,,,,0.74283609,1.104410123,1.643860394,2.163469057,4.615499251,8.733956082,15.46406913,20.9714371,29.58262437,35.88268458,43.88419779,50.16860027,59.05885577,61.94127426,64.87505498,68.3304828,69.27303227,74.82218998,74.2688087,71.9250964,72.54899829,71.05699375,75.53352977,72.84930272,74.42523105,76.11729163,86.11497798,87.6470387,87.6480789,,
Namibia,NAM,Individuals using the Internet (% of population),IT.NET.USER.ZS,,,,,,,,,,,,,,,,,,,,,,,,,,,,,,,0,0,0,0,0,0.00617205,0.00903215,0.0587507,0.286745,0.336218,1.64474,2.41698,2.6337,3.35984,3.80472,4.01005,4.39887,4.83561,5.329,6.5,11.6,12,12.9414,13.9,14.84,25.6879,31.0333,51,51,51,
New Caledonia,NCL,Individuals using the Internet (% of population),IT.NET.USER.ZS,,,,,,,,,,,,,,,,,,,,,,,,,,,,,,,0,0,0,0,0,0.00517901,0.252984,0.989335,1.93604,5.68815,13.9395,18.2371,22.3898,26.4083,30.298,32.359,33.5157,35.05,34.51,33.99,42,50,58,66,70,74.0018,74.0018,82.0058,82.0058,82.0058,
Niger,NER,Individuals using the Internet (% of population),IT.NET.USER.ZS,,,,,,,,,,,,,,,,,,,,,,,,,,,,,,,0,0,0,0,0,0,0.0010393,0.00200877,0.0029115,0.028136,0.0362613,0.105185,0.127152,0.155699,0.189934,0.221341,0.294034,0.390391,0.7,0.76,0.83,0.9,1.05,1.15,1.24868,2.47622,4.32276,10.2243,5.25049,5.25049,
Nigeria,NGA,Individuals using the Internet (% of population),IT.NET.USER.ZS,,,,,,,,,,,,,,,,,,,,,,,,,,,,,,,0,0,0,0,0,0,0.00883298,0.0172374,0.0252315,0.0410387,0.0640808,0.0899014,0.320462,0.558576,1.28614,3.54916,5.54504,6.77,8,9.3,11.5,13.8,16.1,19.1,21,36,25.67,42,42,42,
Nicaragua,NIC,Individuals using the Internet (% of population),IT.NET.USER.ZS,,,,,,,,,,,,,,,,,,,,,,,,,,,,,,,0,0,0,0,0.0131662,0.0300465,0.0840933,0.206217,0.303809,0.497902,0.980216,1.4488,1.71473,1.88041,2.32066,2.56635,2.80557,3.9,5.3,7.3,10,10.6,13.5,15.5,17.6,19.7043,24.5718,27.863,27.863,27.863,
Netherlands,NLD,Individuals using the Internet (% of population),IT.NET.USER.ZS,,,,,,,,,,,,,,,,,,,,,,,,,,,,,,,0.334387,0.531496,1.32001,1.96709,3.25731,6.47316,9.64907,14.0655,22.2438,39.176,43.9844,49.3731,61.29,64.35,68.52,81,83.7,85.82,87.42,89.63,90.72,91.42,92.86,93.9564,91.6667,91.7241,90.411,93.1973,94.7121,93.2886,
Norway,NOR,Individuals using the Internet (% of population),IT.NET.USER.ZS,,,,,,,,,,,,,,,,,,,,,,,,,,,,,,,0.707299,1.4074,2.21637,2.78399,4.15245,6.42322,18.2503,20.4179,22.5601,40,52,64,72.84,78.13,77.69,81.99,82.55,86.93,90.57,92.08,93.39,93.49,94.65,95.0534,96.3,96.8103,97.2982,96.3576,96.4917,98,
Nepal,NPL,Individuals using the Internet (% of population),IT.NET.USER.ZS,,,,,,,,,,,,,,,,,,,,,,,,,,,,,,0,0,0,0,0,0,0.000924878,0.00451047,0.0219989,0.0643936,0.146669,0.204652,0.240015,0.312956,0.382811,0.449844,0.826551,1.14139,1.41,1.73,1.97,7.93,9,11.1493,13.3,15.44,17.5816,19.6888,34,34,34,
Nauru,NRU,Individuals using the Internet (% of population),IT.NET.USER.ZS,,,,,,,,,,,,,,,,,,,,,,,,,,,,,,,0,0,0,0,0,0,,,,,,2.98716,2.98716,2.98716,2.98716,2.98716,2.98716,,,,,54,54,54,54,54,54,57,57,57,
New Zealand,NZL,Individuals using the Internet (% of population),IT.NET.USER.ZS,,,,,,,,,,,,,,,,,,,,,,,,,,,,,,,0,0,0.285941,0.631215,3.16872,4.88424,8.0419,14.6015,31.6363,41.4945,47.3796,53.241,59.0808,60.9625,61.8476,62.7202,69,69.76,72.03,79.7,80.46,81.23,81.6445,82.78,85.5,88.2229,88.4702,90.8111,90.8111,90.8111,
OECD members,OED,Individuals using the Internet (% of population),IT.NET.USER.ZS,,,,,,,,,,,,,,,,,,,,,,,,,,,,,,,0.236651057,0.380809966,0.598016549,0.847640333,1.711517264,3.224159413,5.898816136,9.241474758,13.84748133,20.01526302,27.0327409,32.39577598,40.47670063,44.57515455,49.21720604,52.73055889,55.26559182,60.57825359,62.68791723,64.20707351,66.63827912,67.64440994,70.26829172,71.62881074,73.21544139,75.75610747,79.89646852,81.00660989,82.66070253,,
Oman,OMN,Individuals using the Internet (% of population),IT.NET.USER.ZS,,,,,,,,,,,,,,,,,,,,,,,,,,,,,,,0,0,0,0,0,0,0,0.439793,0.862725,2.51567,3.52042,5.89384,6.8734,7.25574,6.75885,6.68358,8.29972,16.68,20,26.8,35.8278,48,60,66.45,70.22,73.53,76.8454,80.1856,80.1856,92.4084,
Other small states,OSS,Individuals using the Internet (% of population),IT.NET.USER.ZS,,,,,,,,,,,,,,,,,,,,,,,,,,,,,,,0,0.0076524,0.030588335,0.066982727,0.19805574,0.441908658,0.858819241,1.48217209,2.535040039,3.34782417,5.393986411,6.647523538,8.615001933,9.904757079,11.64569547,12.93820147,14.33376628,16.18848524,18.83063956,20.92601691,24.52699218,28.1102524,31.46444714,36.3624816,40.16407972,43.65187384,46.2948388,52.85004477,53.83100026,,
Pakistan,PAK,Individuals using the Internet (% of population),IT.NET.USER.ZS,,,,,,,,,,,,,,,,,,,,,,,,,,,,,,,0,0,0,0,0,0.000122702,0.00299173,0.0275492,0.0439477,0.0553572,0.0553572,1.31855,2.57743,5.04116,6.16432,6.33233,6.5,6.8,7,7.5,8,9,9.96,10.9,12,14,12.3854,15.51,15.51,17.0709,
Panama,PAN,Individuals using the Internet (% of population),IT.NET.USER.ZS,,,,,,,,,,,,,,,,,,,,,,,,,,,,,,,0,0,0,0,0.0076369,0.056123,0.219999,0.539066,2.75065,3.83686,6.5548,7.2684,8.51808,9.98742,11.1409,11.484,17.3496,22.29,33.82,39.08,40.1,42.7,40.3019,44.03,44.92,51.2054,54,57.8651,57.8651,63.6284,
Peru,PER,Individuals using the Internet (% of population),IT.NET.USER.ZS,,,,,,,,,,,,,,,,,,,,,,,,,,,,,,,0,0,0,0,0.00850458,0.0334123,0.246233,0.40343,1.19038,1.9525,3.07643,7.57876,8.96695,11.6,14.1,17.1,20.7,25.2,30.57,31.4,34.77,36.01,38.2,39.2,40.2,40.8526,45.4617,48.7276,52.5403,59.9505,
Philippines,PHL,Individuals using the Internet (% of population),IT.NET.USER.ZS,,,,,,,,,,,,,,,,,,,,,,,,,,,,,,,0,0,0,0,0.00584425,0.0285857,0.055946,0.136913,1.10341,1.43161,1.98225,2.52401,4.33228,4.85767,5.24363,5.39764,5.74059,5.97,6.22,9,25,29,36.2351,48.099,49.6,36,55.5,60.0548,60.0548,43.0266,
Palau,PLW,Individuals using the Internet (% of population),IT.NET.USER.ZS,,,,,,,,,,,,,,,,,,,,,,,,,,,,,,,0,0,0,0,0,0,,,,,,,20.2439,21.6015,26.9703,26.9703,26.9703,26.9703,26.9703,26.9703,,,,,,,,,,,
Papua New Guinea,PNG,Individuals using the Internet (% of population),IT.NET.USER.ZS,,,,,,,,,,,,,,,,,,,,,,,,,,,,,,,0,0,0,0,0,0,0.00206702,0.100588,0.234959,0.667113,0.835249,0.904104,1.32166,1.3744,1.50791,1.71619,1.75449,1.79056,1.15,1.61,1.28,2,3.5,5.1,6.5,7.9,9.60154,11.2092,11.2092,11.2092,
Poland,POL,Individuals using the Internet (% of population),IT.NET.USER.ZS,,,,,,,,,,,,,,,,,,,,,,,,,,,,,,,0,0.00522947,0.0521272,0.129962,0.389098,0.647752,1.2952,2.07347,4.10227,5.45644,7.28543,9.90067,21.15,24.87,32.53,38.81,44.58,48.6,53.13,58.97,62.32,61.95,62.31,62.8492,66.6,67.997,73.3007,75.9854,77.5417,84.5165,
Pre-demographic dividend,PRE,Individuals using the Internet (% of population),IT.NET.USER.ZS,,,,,,,,,,,,,,,,,,,,,,,,,,,,,,,0,0,0,0,0.000130666,0.000379757,0.004833643,0.013919816,0.02852994,0.073320306,0.123238217,0.187289123,0.363512882,0.642476122,0.983225791,1.703460995,2.367983408,3.311102194,3.972256005,4.632662544,6.036368431,7.097931222,8.585604792,10.3258243,12.76618157,20.26046115,16.50903153,24.06105524,23.74878223,,
Puerto Rico,PRI,Individuals using the Internet (% of population),IT.NET.USER.ZS,,,,,,,,,,,,,,,,,,,,,,,,,,,,,,,0,0,0,0,0.0272547,0.135103,0.26816,1.33182,2.64765,5.26568,10.4746,15.63,17.5476,19.707,22.1307,23.4001,25.4424,27.86,38,41.5,45.3,48,69,69,69,63.47,68.6438,70.5979,70.5979,70.8743,
"Korea, Dem. People’s Rep.",PRK,Individuals using the Internet (% of population),IT.NET.USER.ZS,,,,,,,,,,,,,,,,,,,,,,,,,,,,,,,0,0,0,0,0,0,,0,0,0,0,0,0,0,0,0,0,0,0,0,0,0,0,0,0,0,0,0,,0,
Portugal,PRT,Individuals using the Internet (% of population),IT.NET.USER.ZS,,,,,,,,,,,,,,,,,,,,,,,,,,,,,,,0,0.100231,0.250427,0.450162,0.718906,1.49433,2.98088,4.953,9.87045,14.7423,16.4305,18.0871,19.37,29.67,31.78,34.99,38.01,42.09,44.13,48.27,53.3,55.25,60.34,62.0956,64.59,68.6329,70.4236,73.7912,74.661,75.3464,
Paraguay,PRY,Individuals using the Internet (% of population),IT.NET.USER.ZS,,,,,,,,,,,,,,,,,,,,,,,,,,,,,,,0,0,0,0,0,0,0.0203596,0.0995767,0.194905,0.381657,0.747631,1.09879,1.79497,2.11194,3.45244,7.90701,7.96207,11.21,14.27,18.9,19.8,24.7635,29.34,36.9,43,49.72,53.4041,61.0758,64.9935,68.5176,
West Bank and Gaza,PSE,Individuals using the Internet (% of population),IT.NET.USER.ZS,,,,,,,,,,,,,,,,,,,,,,,,,,,,,,,0,0,0,0,0,0,,,,,1.11131,1.83685,3.10009,4.13062,4.4009,16.005,18.41,21.176,24.358,32.23,37.4,41.08,43.4,46.6,53.67,57.4242,61.1784,65.2,64.4,70.6226,
Pacific island small states,PSS,Individuals using the Internet (% of population),IT.NET.USER.ZS,,,,,,,,,,,,,,,,,,,,,,,,,,,,,,,0,0,0,0.002829205,0.00333951,0.015111901,0.131170639,0.278068784,0.596838525,0.870726646,1.458229233,1.877393835,3.994780951,4.540406506,5.159376754,5.766225295,6.664418719,7.566775648,8.848631854,11.00374788,12.96116496,17.59989793,20.76489651,22.00592408,24.64488031,27.75548838,30.3411928,32.7039647,32.57868043,,
Post-demographic dividend,PST,Individuals using the Internet (% of population),IT.NET.USER.ZS,,,,,,,,,,,,,,,,,,,,,,,,,,,,,,,0.2704122,0.43620289,0.687997886,0.974995934,1.964624433,3.704618713,6.796857678,10.64946113,15.87742711,22.90842557,30.55929502,36.66254144,44.85077329,49.45738948,54.50785156,58.05115557,60.43654058,65.68473503,67.681255,68.89431913,71.00784519,71.45272421,74.24816262,75.74608244,77.40320589,78.7188739,83.20460185,83.8207548,85.18706483,,
French Polynesia,PYF,Individuals using the Internet (% of population),IT.NET.USER.ZS,,,,,,,,,,,,,,,,,,,,,,,,,,,,,,,0,0,0,0,0,0,0.0909719,0.214385,1.31616,3.4489,6.35706,6.25159,8.20022,14.1243,17.8845,21.5422,25.108,28.59,33.87,44.6,49,49,52.8766,56.8,60.68,64.5602,68.4404,72.7039,72.7039,72.7039,
Qatar,QAT,Individuals using the Internet (% of population),IT.NET.USER.ZS,,,,,,,,,,,,,,,,,,,,,,,,,,,,,,,0,0,0,0,0,0.19021,0.930186,3.08375,3.52003,4.07073,4.86368,6.17027,10.2261,19.2423,20.7016,24.7335,28.9741,37,44.3,53.1,69,69,69.3,85.3,91.49,92.8848,95.1247,97.3888,99.6528,99.6528,
Romania,ROU,Individuals using the Internet (% of population),IT.NET.USER.ZS,,,,,,,,,,,,,,,,,,,,,,,,,,,,,,,0,0,0,0.00370321,0.0263002,0.0749528,0.221623,0.445445,2.23765,2.69758,3.61372,4.53867,6.58,8.9,15,21.5,24.66,28.3,32.42,36.6,39.93,40.01,45.88,49.7645,54.08,55.7632,59.504,63.7473,70.6813,73.6575,
Russian Federation,RUS,Individuals using the Internet (% of population),IT.NET.USER.ZS,,,,,,,,,,,,,,,,,,,,,,,,,,,,,,,0,0,0.000672532,0.0134472,0.0538175,0.148151,0.269753,0.472964,0.812744,1.01898,1.97723,2.94437,4.12827,8.29886,12.8594,15.2267,18.0233,24.66,26.83,29,43,49,63.8,67.97,70.52,70.1,73.0914,76.0081,80.8647,82.6422,
Rwanda,RWA,Individuals using the Internet (% of population),IT.NET.USER.ZS,,,,,,,,,,,,,,,,,,,,,,,,,,,,,,,0,0,0,0,0,0,0.000883372,0.00162579,0.0117636,0.0671765,0.0628315,0.240672,0.292785,0.356918,0.430854,0.556041,0.556041,2.11539,4.5,7.7,8,7,8.02385,9,10.6,18,20,21.7676,21.7676,21.7676,
South Asia,SAS,Individuals using the Internet (% of population),IT.NET.USER.ZS,,,,,,,,,,,,,,,,,,,,,,,,,,,,,,,0,0,8.55E-05,0.000167242,0.000858965,0.020147488,0.040903549,0.060390721,0.1177141,0.227646408,0.432235926,0.664542603,1.466648092,1.846657022,2.190077896,2.555642816,2.992240522,3.983817302,4.426259689,5.166866096,7.219739697,9.410017029,11.53115812,13.76061886,19.05930188,16.22347276,20.23984464,30.09918349,30.07748512,,
Saudi Arabia,SAU,Individuals using the Internet (% of population),IT.NET.USER.ZS,,,,,,,,,,,,,,,,,,,,,,,,,,,,,,,0,0,0,0,0,0.0109561,0.0267327,0.052099,0.10143,0.493585,2.21069,4.68105,6.38471,8.00158,10.2345,12.705,19.4596,30,36,38,41,47.5,54,60.5,64.7137,69.6162,74.8793,82.12,93.31,95.7247,
Sudan,SDN,Individuals using the Internet (% of population),IT.NET.USER.ZS,,,,,,,,,,,,,,,,,,,,,,,,,,,,,,,0,0,0,0,0,0,0,0.00123182,0.00480507,0.00879458,0.025785,0.140185,0.439478,0.538472,0.791562,1.29204,1.29204,8.66,8.66,8.66,16.7,17.46,21,22.7,24.64,26.61,14.1,30.8703,30.8703,30.8703,
Senegal,SEN,Individuals using the Internet (% of population),IT.NET.USER.ZS,,,,,,,,,,,,,,,,,,,,,,,,,,,,,,,0,0,0,0,0,0.000692848,0.0112382,0.0273474,0.0798714,0.311091,0.403967,0.983794,1.00645,2.10144,4.38602,4.78668,5.61174,6.89,7.12,7.5,8,9.8,10.8,13.1,17.7,27,25.6648,46,46,46,
Singapore,SGP,Individuals using the Internet (% of population),IT.NET.USER.ZS,,,,,,,,,,,,,,,,,,,,,,,,,,,,,,,0,0.161504,0.471368,0.763278,1.1852,2.87342,8.34996,13.4716,19.5908,24.1554,36,41.6704,47,53.8379,62,61,59,69.9,69,69,71,71,72,80.9021,79.0292,79.013,84.4523,84.4495,88.1656,88.9493,
Solomon Islands,SLB,Individuals using the Internet (% of population),IT.NET.USER.ZS,,,,,,,,,,,,,,,,,,,,,,,,,,,,,,,0,0,0,0,0,0.0248719,0.268684,0.391923,0.508293,0.494541,0.481297,0.468552,0.50192,0.55561,0.649673,0.844308,1.64635,2,3,4,5,6,6.9974,8,9,10.0005,11.0009,11.9242,11.9242,11.9242,
Sierra Leone,SLE,Individuals using the Internet (% of population),IT.NET.USER.ZS,,,,,,,,,,,,,,,,,,,,,,,,,,,,,,,0,0,0,0,0,0,0.00250612,0.00498783,0.0148051,0.0484907,0.118254,0.160264,0.176199,0.190173,0.203008,0.215392,0.227669,0.239835,0.25,0.26,0.58,0.9,2.5,4,6.0573,6.34442,11.7732,9,9,9,
El Salvador,SLV,Individuals using the Internet (% of population),IT.NET.USER.ZS,,,,,,,,,,,,,,,,,,,,,,,,,,,,,,,0,0,0,0,0,0,0.0863896,0.256961,0.425254,0.845429,1.1774,1.5,1.9,2.5,3.2,4.2,5.5,6.11,10.08,12.11,15.9,18.9,20.3214,23.1093,24.7617,26.8026,28.9971,33.8207,33.8207,33.8207,
San Marino,SMR,Individuals using the Internet (% of population),IT.NET.USER.ZS,,,,,,,,,,,,,,,,,,,,,,,,,,,,,,,0,0,0,0,0,1.36213,1.42808,1.41855,1.40856,42.8033,48.7995,50.3417,50.8348,50.0035,50.5663,50.2596,50.2087,50.3648,54.52,54.21,54.21,49.6,49.6,49.6,49.6,49.6,49.6,60.1823,60.1823,60.1823,
Somalia,SOM,Individuals using the Internet (% of population),IT.NET.USER.ZS,,,,,,,,,,,,,,,,,,,,,,,,,,,,,,,0,0,0,0,0,0,0.00150955,0.00294871,0.00716442,0.0139104,0.02,0.0790392,0.115614,0.376198,1.05345,1.07733,1.10022,1.12224,1.14269,1.16061,1.16061,1.25,1.3767,1.5,1.63,1.76,1.88,2.00405,2.00405,2.00405,
Serbia,SRB,Individuals using the Internet (% of population),IT.NET.USER.ZS,,,,,,,,,,,,,,,,,,,,,,,,,,,,,,,,,,,,,,,,,,,,,23.5,26.3,27.2,33.15,35.6,38.1,40.9,42.2,48.1,53.4504,62.0751,65.317,67.0568,70.3308,73.3607,77.4168,
Sub-Saharan Africa (excluding high income),SSA,Individuals using the Internet (% of population),IT.NET.USER.ZS,,,,,,,,,,,,,,,,,,,,,,,,,,,,,,,0,0.000958777,0.002798723,0.008169275,0.017809925,0.048820941,0.068420085,0.128180133,0.229856775,0.351815041,0.488009197,0.6254735,0.809348445,1.081641131,1.471660182,1.993486988,2.561683964,3.456831456,4.098426875,4.784302718,6.887964779,8.357965828,10.24804626,12.3234457,15.01456921,20.70548506,19.29714376,25.37611508,25.08598551,,
South Sudan,SSD,Individuals using the Internet (% of population),IT.NET.USER.ZS,,,,,,,,,,,,,,,,,,,,,,,,,,,,,,,,,,,,,,,,,,,,,,,,,,,,,,3.82997,4.51615,5.5,6.67973,7.97743,7.97743,7.97743,
Sub-Saharan Africa,SSF,Individuals using the Internet (% of population),IT.NET.USER.ZS,,,,,,,,,,,,,,,,,,,,,,,,,,,,,,,0,0.00095669,0.002792714,0.008151952,0.01777263,0.048720079,0.068735723,0.128979397,0.23445443,0.360339336,0.500951442,0.640984265,0.827155129,1.101907213,1.494455109,2.017442669,2.587676491,3.486585251,4.129092796,4.814206411,6.922719109,8.399254427,10.28656827,12.36421746,15.05674791,20.74592629,19.34122079,25.41533657,25.12839791,,
Small states,SST,Individuals using the Internet (% of population),IT.NET.USER.ZS,,,,,,,,,,,,,,,,,,,,,,,,,,,,,,,0,0.005250466,0.021046663,0.046388667,0.14065469,0.347113675,0.721496048,1.254446345,2.250252516,3.179059853,5.006704627,6.67943802,9.04125574,10.52943463,12.24874459,13.70773594,15.30691908,17.36448773,20.00567301,22.48517702,25.97173501,30.21939929,32.950205,37.19520846,40.77178354,43.93602142,46.56835149,52.79654324,53.5226549,,
Sao Tome and Principe,STP,Individuals using the Internet (% of population),IT.NET.USER.ZS,,,,,,,,,,,,,,,,,,,,,,,,,,,,,,,0,0,0,0,0,0,,,0.295847,0.363203,4.63852,6.31092,7.58067,10.1618,13.3229,13.7595,14.182,14.5905,15.48,16.41,18.75,20.1612,21.5724,23,24.41,25.82,28,29.9312,29.9312,29.9312,
Suriname,SUR,Individuals using the Internet (% of population),IT.NET.USER.ZS,,,,,,,,,,,,,,,,,,,,,,,,,,,,,,,0,0,0,0,0,0.114721,0.226306,1.00309,1.67015,1.89187,2.50641,3.06445,4.16157,4.71988,6.07605,6.40309,9.49963,14.11,21.06,31.36,31.59,32,34.6812,37.4,40.08,42.7638,45.4,48.9452,48.9452,48.9452,
Slovak Republic,SVK,Individuals using the Internet (% of population),IT.NET.USER.ZS,,,,,,,,,,,,,,,,,,,,,,,,,,,,,,,0,0,0,0.127829,0.31851,0.52321,0.78329,1.17338,2.68981,5.43776,9.4268,12.5283,40.14,43.04,52.89,55.19,56.08,61.8,66.05,70,75.71,74.44,76.71,77.8826,79.98,77.6347,80.4759,81.6257,80.6603,82.8537,
Slovenia,SVN,Individuals using the Internet (% of population),IT.NET.USER.ZS,,,,,,,,,,,,,,,,,,,,,,,,,,,,,,,0,0,0,0.409792,1.07157,2.89899,5.07227,7.59192,10.1046,12.6109,15.1103,30.1759,27.8389,31.8548,40.81,46.81,54.01,56.74,58,64,70,67.34,68.35,72.6756,71.59,73.0987,75.4985,78.8854,79.75,83.1084,
Sweden,SWE,Individuals using the Internet (% of population),IT.NET.USER.ZS,,,,,,,,,,,,,,,,,,,,,,,,,,,,,,,0.584192,1.16052,1.49787,1.71636,3.41281,5.09802,9.0436,23.7279,33.4675,41.4328,45.6877,51.7657,70.57,79.13,83.89,84.83,87.76,82.01,90,91,90,92.77,93.18,94.7836,92.52,90.6102,89.6509,95.5101,92.1417,94.4934,
Eswatini,SWZ,Individuals using the Internet (% of population),IT.NET.USER.ZS,,,,,,,,,,,,,,,,,,,,,,,,,,,,,,,0,0,0,0,0,0.00103175,0.050399,0.088546,0.0960996,0.470718,0.926192,1.28159,1.8162,2.43707,3.22869,3.69696,3.69654,4.1,6.85,8.94,11.04,18.13,20.7818,24.7,26.175,25.643,28.5735,47,47,47,
Sint Maarten (Dutch part),SXM,Individuals using the Internet (% of population),IT.NET.USER.ZS,,,,,,,,,,,,,,,,,,,,,,,,,,,,,,,,,,,,,,,,,,,,,,,,,,,,,,,,,,,,,
Seychelles,SYC,Individuals using the Internet (% of population),IT.NET.USER.ZS,,,,,,,,,,,,,,,,,,,,,,,,,,,,,,,0,0,0,0,0,0,0.651474,1.28296,2.52618,6.22905,7.39563,11.0151,14.3042,14.5925,24.2721,25.4133,34.952,38.38,40.44,40.44,41,43.164,47.076,50.4,51.2547,54.2596,56.5147,58.7698,58.7698,58.7698,
Syrian Arab Republic,SYR,Individuals using the Internet (% of population),IT.NET.USER.ZS,0,,,,,0,,,,,0,,,,,0,0,0,0,0,0,0,0,0,0,0,0,0,0,0,0,0,0,0,0,0,0,0.0326078,0.0636873,0.124295,0.181699,0.353759,2.0931,3.39797,4.32159,5.64811,7.83255,11.5,14,17.3,20.7,22.5,24.3001,26.2,28.09,29.9798,31.8696,34.2534,34.2534,34.2534,
Turks and Caicos Islands,TCA,Individuals using the Internet (% of population),IT.NET.USER.ZS,,,,,,,,,,,,,,,,,,,,,,,,,,,,,,,0,0,0,0,0,0,,,,,,,,,,,,,,,,,,,,,,,,,
Chad,TCD,Individuals using the Internet (% of population),IT.NET.USER.ZS,,,,,,,,,,,,,,,,,,,,,,,,,,,,,,,0,0,0,0,0,0,,0.000658168,0.0042685,0.0123217,0.0357071,0.0459341,0.16607,0.320309,0.36092,0.399258,0.581046,0.847225,1.19,1.5,1.7,1.9,2.1,2.5,2.9,3.5,5,6.5,6.5,6.5,
East Asia & Pacific (IDA & IBRD countries),TEA,Individuals using the Internet (% of population),IT.NET.USER.ZS,,,,,,,,,,,,,,,,,,,,,,,,,,,,,,,0,1.81E-06,2.38E-05,0.000885967,0.003683587,0.011989826,0.033627573,0.095319159,0.327357612,0.863200257,1.869116215,2.812996046,4.460742647,5.827509533,6.959856174,8.409483911,10.2851664,14.56555838,19.51378068,24.08592849,29.34051305,32.80669905,36.52923592,39.71649031,42.0618627,44.29046889,48.72884176,51.16874066,52.87793438,,
Europe & Central Asia (IDA & IBRD countries),TEC,Individuals using the Internet (% of population),IT.NET.USER.ZS,,,,,,,,,,,,,,,,,,,,,,,,,,,,,,,0,0.000473445,0.004952621,0.019031932,0.067388172,0.140295458,0.299905625,0.537300638,1.022982208,1.533552613,2.501012491,3.603858371,6.602095913,9.036641879,12.68045138,14.93072468,17.84309617,23.06808378,26.65027011,30.42741605,38.13634458,42.55531167,50.10621736,53.77650321,57.83270131,59.67191529,63.51474559,67.37070884,70.74319203,,
Togo,TGO,Individuals using the Internet (% of population),IT.NET.USER.ZS,0,,,,,0,,,,,0,,,,,0,0,0,0,0,0,0,0,0,0,0,0,0,0,0,0,0,0,0,0,0,0.0109291,0.211139,0.305584,0.590363,0.8,0.9,1,1.2,1.5,1.8,2,2.2,2.4,2.6,3,3.5,4,4.5,5.7,7.12,11.31,12.3602,12.3602,12.3602,
Thailand,THA,Individuals using the Internet (% of population),IT.NET.USER.ZS,0,,,,,0,,,,,0,,,,,0,0,0,0,0,0,0,0,0,0,0,0,0,0,0,0,5.22E-05,0.000343725,0.013581,0.0386143,0.0748253,0.115472,0.360522,1.09122,2.42624,3.68904,5.55633,7.53125,9.29903,10.6773,15.026,17.1607,20.03,18.2,20.1,22.4,23.6699,26.46,28.94,34.89,39.3161,47.505,52.8919,56.8175,66.6524,
Tajikistan,TJK,Individuals using the Internet (% of population),IT.NET.USER.ZS,,,,,,,,,,,,,,,,,,,,,,,,,,,,,,,0,0,0,0,0,0,,,,0.0327919,0.0485996,0.0512591,0.0554628,0.0645838,0.0774799,0.29869,3.77241,7.19762,8.78,10.07,11.55,13.03,14.51,16,17.49,18.98,20.47,21.96,21.96,21.96,
Turkmenistan,TKM,Individuals using the Internet (% of population),IT.NET.USER.ZS,,,,,,,,,,,,,,,,,,,,,,,,,,,,,,,0,0,0,0,0,0,,,,0.0450208,0.133282,0.17521,0.302132,0.425183,0.754054,0.997257,1.31957,1.40636,1.75,1.95,3,5,7.1958,9.6,12.2,14.9968,17.9903,21.251,21.251,21.251,
Latin America & the Caribbean (IDA & IBRD countries),TLA,Individuals using the Internet (% of population),IT.NET.USER.ZS,,,,,,,,,,,,,,,,,,,,,,,,,,,,,,,0,0.002302535,0.009963175,0.021827205,0.044412983,0.106546488,0.313942766,0.603902403,1.237921631,2.063242106,3.903543765,5.646851941,8.88549227,11.31021589,14.44287108,16.67996241,20.88392868,23.90483294,26.68353227,31.27745362,34.97616509,39.69996303,43.38965468,46.41458028,48.93587879,54.85715355,57.52465215,63.25988064,64.36330244,,
Timor-Leste,TLS,Individuals using the Internet (% of population),IT.NET.USER.ZS,,,,,,,,,,,,,,,,,,,,,,,,,,,,,,,0,0,0,0,0,0,,,,,,,0,0,0,0.0990318,0.5,1,1.5,2,3,4,7,11,17.5,23,25.2462,27.4927,27.4927,27.4927,
Middle East & North Africa (IDA & IBRD countries),TMN,Individuals using the Internet (% of population),IT.NET.USER.ZS,,,,,,,,,,,,,,,,,,,,,,,,,,,,,,,0,0,0,0.000242285,0.00199199,0.011247573,0.026429885,0.078113988,0.166167932,0.431232812,0.857976148,1.150888629,2.830498,4.069928596,7.533918041,8.537188395,9.911408287,11.86851303,15.014675,17.69373258,20.64499734,22.91213573,25.96443165,29.71909709,34.70991897,43.04918286,42.99069551,50.98323834,54.38236993,,
Tonga,TON,Individuals using the Internet (% of population),IT.NET.USER.ZS,,,,,,,,,,,,,,,,,,,,,,,,,,,,,,,0,0,0,0,0,0.123231,0.163793,0.510866,0.765134,1.01797,2.4344,2.82537,2.9073,2.98582,3.95237,4.90778,5.85394,7.17987,8.11077,10,16,25,30,32.754,35.9544,38.6513,39.95,41.2487,41.2487,41.2487,
South Asia (IDA & IBRD),TSA,Individuals using the Internet (% of population),IT.NET.USER.ZS,,,,,,,,,,,,,,,,,,,,,,,,,,,,,,,0,0,8.55E-05,0.000167242,0.000858965,0.020147488,0.040903549,0.060390721,0.1177141,0.227646408,0.432235926,0.664542603,1.466648092,1.846657022,2.190077896,2.555642816,2.992240522,3.983817302,4.426259689,5.166866096,7.219739697,9.410017029,11.53115812,13.76061886,19.05930188,16.22347276,20.23984464,30.09918349,30.07748512,,
Sub-Saharan Africa (IDA & IBRD countries),TSS,Individuals using the Internet (% of population),IT.NET.USER.ZS,,,,,,,,,,,,,,,,,,,,,,,,,,,,,,,0,0.00095669,0.002792714,0.008151952,0.01777263,0.048720079,0.068735723,0.128979397,0.23445443,0.360339336,0.500951442,0.640984265,0.827155129,1.101907213,1.494455109,2.017442669,2.587676491,3.486585251,4.129092796,4.814206411,6.922719109,8.399254427,10.28656827,12.36421746,15.05674791,20.74592629,19.34122079,25.41533657,25.12839791,,
Trinidad and Tobago,TTO,Individuals using the Internet (% of population),IT.NET.USER.ZS,,,,,,,,,,,,,,,,,,,,,,,,,,,,,,,0,0,0,0,0,0.15815,0.393081,1.17317,2.72483,5.81425,7.72141,15.3846,21.9987,25.9718,27.0243,28.9767,30.0037,32.3,34.8,44.3,48.5,55.2,59.5162,63.8,65.1,69.1985,73.2969,77.3261,77.3261,77.3261,
Tunisia,TUN,Individuals using the Internet (% of population),IT.NET.USER.ZS,,,,,,,,,,,,,,,,,,,,,,,,,,,,,,,0,0,0,0,0.00737954,0.011192,0.0276154,0.043657,0.107941,1.60249,2.75074,4.29797,5.25289,6.49085,8.52882,9.65509,12.9864,17.1,27.53,34.07,36.8,39.1,41.4416,43.8,46.16,46.5,49.6,64.1908,64.1908,66.7,
Turkey,TUR,Individuals using the Internet (% of population),IT.NET.USER.ZS,,,,,,,,,,,,,,,,,,,,,,,,,,,,,,,0,0,0,0.00845773,0.0498692,0.0816912,0.192725,0.473695,0.698805,2.29212,3.76169,5.18948,11.38,12.33,14.58,15.46,18.24,28.63,34.37,36.4,39.82,43.0657,45.13,46.25,51.04,53.745,58.3477,64.6846,71.0428,73.9767,
Tuvalu,TUV,Individuals using the Internet (% of population),IT.NET.USER.ZS,,,,,,,,,,,,,,,,,,,,,,,,,,,,,,,0,0,0,0,0,0,,,,,5.24164,5.24164,5.24164,5.24164,5.24164,5.24164,,10,15,20,25,30,35,37,39.2,42.7,46.0092,49.3183,49.3183,49.3183,
Tanzania,TZA,Individuals using the Internet (% of population),IT.NET.USER.ZS,,,,,,,,,,,,,,,,,,,,,,,,,,,,,,,0,0,0,0,0,0,0.00162215,0.00790028,0.00924413,0.0751309,0.117194,0.1713,0.222484,0.676963,0.877575,1.1,1.3,1.6,1.9,2.4,2.9,3.2,3.95,4.4,7,20,13,25,25,25,
Uganda,UGA,Individuals using the Internet (% of population),IT.NET.USER.ZS,,,,,,,,,,,,,,,,,,,,,,,,,,,,,,,0,0,0,0,0,0.00286347,0.00462595,0.0103193,0.0652895,0.105544,0.163714,0.237945,0.384094,0.46485,0.719971,1.74221,2.52936,3.67197,7.9,9.78,12.5,13.0135,14.1,15.5,16.9,17.8349,21.8762,23.7065,23.7065,23.7065,
Ukraine,UKR,Individuals using the Internet (% of population),IT.NET.USER.ZS,,,,,,,,,,,,,,,,,,,,,,,,,,,,,,,0,0,0,0.00077697,0.0136412,0.043084,0.0985804,0.198822,0.301076,0.405385,0.716184,1.23876,1.87389,3.14813,3.48948,3.74976,4.50612,6.55,11,17.9,23.3,28.7083,35.27,40.9541,46.236,48.8846,53,58.8895,58.8895,58.8895,
Upper middle income,UMC,Individuals using the Internet (% of population),IT.NET.USER.ZS,,,,,,,,,,,,,,,,,,,,,,,,,,,,,,,0,0.00066992,0.002439636,0.007528661,0.019371076,0.050192106,0.118552271,0.25315438,0.566870214,1.197803273,2.373042344,3.484052895,5.655909498,7.413735623,9.212909759,10.75031782,13.14277319,17.51559105,22.0602554,26.58238367,31.87983657,35.93532557,40.31104906,43.46676639,46.18727958,50.15191665,52.91073519,56.66819754,58.27142373,,
Uruguay,URY,Individuals using the Internet (% of population),IT.NET.USER.ZS,,,,,,,,,,,,,,,,,,,,,,,,,,,,,,,0,0,0,0,0.0624744,0.310129,1.84747,3.36324,6.98707,9.97277,10.5391,11.1214,11.4195,15.9371,17.0631,20.0882,29.4,34,39.3,41.8,46.4,51.4047,54.4538,57.69,61.46,64.5708,66.4,68.2797,68.2797,76.9496,
United States,USA,Individuals using the Internet (% of population),IT.NET.USER.ZS,,,,,,,,,,,,,,,,,,,,,,,,,,,,,,,0.784729,1.16319,1.7242,2.27167,4.86278,9.23709,16.4194,21.6164,30.0932,35.8487,43.0792,49.0808,58.7854,61.6971,64.7583,67.9681,68.9312,75,74,71,71.69,69.7295,74.7,71.4,73,74.5542,85.5444,87.2661,87.2661,87.2661,
Uzbekistan,UZB,Individuals using the Internet (% of population),IT.NET.USER.ZS,,,,,,,,,,,,,,,,,,,,,,,,,,,,,,,0,0,0,0,0,0.00152709,0.00428507,0.0105369,0.0207544,0.0306883,0.484347,0.597568,1.08194,1.9126,2.59373,3.34351,6.38832,7.4906,9.08011,11.9,15.9,18.6,23.6,26.8,35.5,42.8,46.7913,52.3051,52.3051,52.3051,
St. Vincent and the Grenadines,VCT,Individuals using the Internet (% of population),IT.NET.USER.ZS,,,,,,,,,,,,,,,,,,,,,,,,,,,,,,,0,0,0,0,0,0.128635,0.483248,0.926372,1.854,2.782,3.24504,5.09481,5.54959,6.46227,7.37117,9.19828,12,16,21,31,33.7,36.7,40,43.5,47.4,17.1321,20.6894,22.0043,22.3943,22.3943,
"Venezuela, RB",VEN,Individuals using the Internet (% of population),IT.NET.USER.ZS,,,,,,,,,,,,,,,,,,,,,,,,,,,,,,,0,0,0.0120821,0.0415872,0.055487,0.122215,0.248261,0.390959,1.38399,2.83983,3.3596,4.636,4.91045,7.49996,8.40447,12.553,15.2247,20.83,25.88,32.7,37.37,40.22,49.0501,54.9,57,64,60,72,72,72,
British Virgin Islands,VGB,Individuals using the Internet (% of population),IT.NET.USER.ZS,,,,,,,,,,,,,,,,,,,,,,,,,,,,,,,0,0,0,0,0,0,,,,,,,18.8857,18.8857,18.8857,18.8857,18.8857,18.8857,,36,37,37.4,37.6,37.6,37.6,37.6,77.7014,77.7043,77.7043,77.7043,
Virgin Islands (U.S.),VIR,Individuals using the Internet (% of population),IT.NET.USER.ZS,,,,,,,,,,,,,,,,,,,,,,,,,,,,,,,0,0,0,0,0.940645,2.80196,4.64719,6.94837,9.24522,11.0746,13.8151,18.3758,27.4944,27.4291,27.377,27.3443,27.3326,27.3393,27.3618,27.3965,31.22,35.6,40.5479,45.3,50.07,54.8391,59.6083,64.3775,64.3775,64.3775,
Vietnam,VNM,Individuals using the Internet (% of population),IT.NET.USER.ZS,,,,,,,,,,,,,,,,,,,,,,,,,,,,,,,0,0,0,0,0,0,0.000134813,0.00398196,0.0130785,0.128927,0.254248,1.26565,1.855,3.78028,7.64241,12.7399,17.2546,20.7554,23.92,26.55,30.65,35.07,36.8,38.5,41,45,53,58.14,70.3496,68.7,
Vanuatu,VUT,Individuals using the Internet (% of population),IT.NET.USER.ZS,,,,,,,,,,,,,,,,,,,,,,,,,,,,,,,0,0,0,0,0,0,0.0568456,0.139506,0.274186,0.5383,2.10834,2.83057,3.51004,3.9033,4.7466,5.08233,5.85059,6.8,7.26912,7.5,8,9.2,10.598,11.3,18.8,22.3514,24,25.7198,25.7198,25.7198,
World,WLD,Individuals using the Internet (% of population),IT.NET.USER.ZS,,,,,,,,,,,,,,,,,,,,,,,,,,,,,,,0.049235374,0.079180968,0.125363366,0.178899795,0.35990015,0.681457389,1.32348902,2.036676196,3.136374034,4.629924191,6.525931668,8.059001208,10.65872675,12.31107859,14.18682483,15.67304768,17.34046188,20.41171988,22.87067464,25.2665719,28.70571891,31.14816431,34.20761051,36.63937817,39.73550546,41.54624115,44.55310568,49.55565137,50.76308117,,
Samoa,WSM,Individuals using the Internet (% of population),IT.NET.USER.ZS,,,,,,,,,,,,,,,,,,,,,,,,,,,,,,,0,0,0,0,0,0,,0.174572,0.230359,0.285308,0.566393,1.6899,2.24483,2.79963,3.07553,3.35259,4.46917,4.74998,5.03162,6,7,11,12.9225,15.3,21.2,25.407,29.4117,33.6109,33.6109,33.6109,
Kosovo,XKX,Individuals using the Internet (% of population),IT.NET.USER.ZS,,,,,,,,,,,,,,,,,,,,,,,,,,,,,,,,,,,,,,,,,,,,,,,,,,,,,,,,,,83.8936,89.443,89.443,
"Yemen, Rep.",YEM,Individuals using the Internet (% of population),IT.NET.USER.ZS,,,,,,,,,,,,,,,,,,,,,,,,,,,,,,,0,0,0,0,0,0,0.000621081,0.0150253,0.0233232,0.0566287,0.0825004,0.0908025,0.518796,0.604734,0.881223,1.0486,1.24782,5.01,6.89,9.96,12.35,14.905,17.4465,20,22.55,24.0854,24.5792,26.7184,26.7184,26.7184,
South Africa,ZAF,Individuals using the Internet (% of population),IT.NET.USER.ZS,,,,,,,,,,,,,,,,,,,,,,,,,,,,,,,0,0.0132836,0.0388691,0.113747,0.246906,0.67674,0.841883,1.63209,2.90622,4.11625,5.34856,6.34662,6.71032,7.00769,8.42512,7.48854,7.60714,8.06538,8.43,10,24,33.97,41,46.5,49,51.9191,54,56.1674,56.1674,56.1674,
Zambia,ZMB,Individuals using the Internet (% of population),IT.NET.USER.ZS,,,,,,,,,,,,,,,,,,,,,,,,,,,,,,,0,0,0,0,0.00677611,0.00878362,0.00906918,0.00932966,0.0302262,0.147053,0.191072,0.23313,0.477751,0.980483,2.01355,2.85175,4.15991,4.87,5.55,6.31,10,11.5,13.4682,15.4,19,21,25.5066,27.8526,14.3,14.3,
Zimbabwe,ZWE,Individuals using the Internet (% of population),IT.NET.USER.ZS,,,,,,,,,,,,,,,,,,,,,,,,,,,,,,,0,0,0,0,0.00173928,0.00768354,0.0167905,0.0330803,0.0816485,0.161676,0.401434,0.799846,1.1,1.8,2.1,2.4,2.4,3,3.5,4,6.4,8.4,12,15.5,16.3647,22.7428,23.12,27.0555,27.0555,27.0555,
